T,P,session,reading_index
30.5,911.1,2025-11-13_00-12-26,0
30.55,911.0,2025-11-13_00-12-26,1
30.6,911.05,2025-11-13_00-12-26,2
30.66,911.05,2025-11-13_00-12-26,3
30.72,911.06,2025-11-13_00-12-26,4
30.79,911.09,2025-11-13_00-12-26,5
30.85,911.02,2025-11-13_00-12-26,6
30.92,911.03,2025-11-13_00-12-26,7
30.98,911.01,2025-11-13_00-12-26,8
31.05,911.06,2025-11-13_00-12-26,9
31.11,911.01,2025-11-13_00-12-26,10
31.18,911.0,2025-11-13_00-12-26,11
31.25,911.04,2025-11-13_00-12-26,12
31.31,910.97,2025-11-13_00-12-26,13
31.38,911.0,2025-11-13_00-12-26,14
31.44,910.99,2025-11-13_00-12-26,15
31.51,911.07,2025-11-13_00-12-26,16
31.57,911.02,2025-11-13_00-12-26,17
31.64,911.01,2025-11-13_00-12-26,18
31.7,910.99,2025-11-13_00-12-26,19
31.77,910.99,2025-11-13_00-12-26,20
31.83,911.03,2025-11-13_00-12-26,21
31.89,911.03,2025-11-13_00-12-26,22
31.96,911.01,2025-11-13_00-12-26,23
32.02,911.0,2025-11-13_00-12-26,24
32.08,911.02,2025-11-13_00-12-26,25
32.14,910.96,2025-11-13_00-12-26,26
32.2,910.97,2025-11-13_00-12-26,27
32.26,911.05,2025-11-13_00-12-26,28
32.32,911.05,2025-11-13_00-12-26,29
32.38,911.06,2025-11-13_00-12-26,30
32.44,911.03,2025-11-13_00-12-26,31
32.5,911.03,2025-11-13_00-12-26,32
32.56,911.06,2025-11-13_00-12-26,33
32.61,910.97,2025-11-13_00-12-26,34
32.67,910.99,2025-11-13_00-12-26,35
32.72,911.02,2025-11-13_00-12-26,36
32.78,911.02,2025-11-13_00-12-26,37
32.83,911.02,2025-11-13_00-12-26,38
32.88,910.97,2025-11-13_00-12-26,39
32.93,910.97,2025-11-13_00-12-26,40
32.97,911.0,2025-11-13_00-12-26,41
33.01,911.01,2025-11-13_00-12-26,42
33.05,911.0,2025-11-13_00-12-26,43
33.09,911.02,2025-11-13_00-12-26,44
33.13,911.02,2025-11-13_00-12-26,45
33.17,911.0,2025-11-13_00-12-26,46
33.21,911.01,2025-11-13_00-12-26,47
33.25,911.02,2025-11-13_00-12-26,48
30.5,911.1,2025-11-13_00-13-27,0
30.55,911.0,2025-11-13_00-13-27,1
30.6,911.05,2025-11-13_00-13-27,2
30.66,911.05,2025-11-13_00-13-27,3
30.72,911.06,2025-11-13_00-13-27,4
30.79,911.09,2025-11-13_00-13-27,5
30.85,911.02,2025-11-13_00-13-27,6
30.92,911.03,2025-11-13_00-13-27,7
30.98,911.01,2025-11-13_00-13-27,8
31.05,911.06,2025-11-13_00-13-27,9
31.11,911.01,2025-11-13_00-13-27,10
31.18,911.0,2025-11-13_00-13-27,11
31.25,911.04,2025-11-13_00-13-27,12
31.31,910.97,2025-11-13_00-13-27,13
31.38,911.0,2025-11-13_00-13-27,14
31.44,910.99,2025-11-13_00-13-27,15
31.51,911.07,2025-11-13_00-13-27,16
31.57,911.02,2025-11-13_00-13-27,17
31.64,911.01,2025-11-13_00-13-27,18
31.7,910.99,2025-11-13_00-13-27,19
31.77,910.99,2025-11-13_00-13-27,20
31.83,911.03,2025-11-13_00-13-27,21
31.89,911.03,2025-11-13_00-13-27,22
31.96,911.01,2025-11-13_00-13-27,23
32.02,911.0,2025-11-13_00-13-27,24
32.08,911.02,2025-11-13_00-13-27,25
32.14,910.96,2025-11-13_00-13-27,26
32.2,910.97,2025-11-13_00-13-27,27
32.26,911.05,2025-11-13_00-13-27,28
32.32,911.05,2025-11-13_00-13-27,29
32.38,911.06,2025-11-13_00-13-27,30
32.44,911.03,2025-11-13_00-13-27,31
32.5,911.03,2025-11-13_00-13-27,32
32.56,911.06,2025-11-13_00-13-27,33
32.61,910.97,2025-11-13_00-13-27,34
32.67,910.99,2025-11-13_00-13-27,35
32.72,911.02,2025-11-13_00-13-27,36
32.78,911.02,2025-11-13_00-13-27,37
32.83,911.02,2025-11-13_00-13-27,38
32.88,910.97,2025-11-13_00-13-27,39
32.93,910.97,2025-11-13_00-13-27,40
32.97,911.0,2025-11-13_00-13-27,41
33.01,911.01,2025-11-13_00-13-27,42
33.05,911.0,2025-11-13_00-13-27,43
33.09,911.02,2025-11-13_00-13-27,44
33.13,911.02,2025-11-13_00-13-27,45
33.17,911.0,2025-11-13_00-13-27,46
33.21,911.01,2025-11-13_00-13-27,47
33.25,911.02,2025-11-13_00-13-27,48
30.5,911.1,2025-11-13_00-14-27,0
30.55,911.0,2025-11-13_00-14-27,1
30.6,911.05,2025-11-13_00-14-27,2
30.66,911.05,2025-11-13_00-14-27,3
30.72,911.06,2025-11-13_00-14-27,4
30.79,911.09,2025-11-13_00-14-27,5
30.85,911.02,2025-11-13_00-14-27,6
30.92,911.03,2025-11-13_00-14-27,7
30.98,911.01,2025-11-13_00-14-27,8
31.05,911.06,2025-11-13_00-14-27,9
31.11,911.01,2025-11-13_00-14-27,10
31.18,911.0,2025-11-13_00-14-27,11
31.25,911.04,2025-11-13_00-14-27,12
31.31,910.97,2025-11-13_00-14-27,13
31.38,911.0,2025-11-13_00-14-27,14
31.44,910.99,2025-11-13_00-14-27,15
31.51,911.07,2025-11-13_00-14-27,16
31.57,911.02,2025-11-13_00-14-27,17
31.64,911.01,2025-11-13_00-14-27,18
31.7,910.99,2025-11-13_00-14-27,19
31.77,910.99,2025-11-13_00-14-27,20
31.83,911.03,2025-11-13_00-14-27,21
31.89,911.03,2025-11-13_00-14-27,22
31.96,911.01,2025-11-13_00-14-27,23
32.02,911.0,2025-11-13_00-14-27,24
32.08,911.02,2025-11-13_00-14-27,25
32.14,910.96,2025-11-13_00-14-27,26
32.2,910.97,2025-11-13_00-14-27,27
32.26,911.05,2025-11-13_00-14-27,28
32.32,911.05,2025-11-13_00-14-27,29
32.38,911.06,2025-11-13_00-14-27,30
32.44,911.03,2025-11-13_00-14-27,31
32.5,911.03,2025-11-13_00-14-27,32
32.56,911.06,2025-11-13_00-14-27,33
32.61,910.97,2025-11-13_00-14-27,34
32.67,910.99,2025-11-13_00-14-27,35
32.72,911.02,2025-11-13_00-14-27,36
32.78,911.02,2025-11-13_00-14-27,37
32.83,911.02,2025-11-13_00-14-27,38
32.88,910.97,2025-11-13_00-14-27,39
32.93,910.97,2025-11-13_00-14-27,40
32.97,911.0,2025-11-13_00-14-27,41
33.01,911.01,2025-11-13_00-14-27,42
33.05,911.0,2025-11-13_00-14-27,43
33.09,911.02,2025-11-13_00-14-27,44
33.13,911.02,2025-11-13_00-14-27,45
33.17,911.0,2025-11-13_00-14-27,46
33.21,911.01,2025-11-13_00-14-27,47
33.25,911.02,2025-11-13_00-14-27,48
30.5,911.1,2025-11-13_00-15-28,0
30.55,911.0,2025-11-13_00-15-28,1
30.6,911.05,2025-11-13_00-15-28,2
30.66,911.05,2025-11-13_00-15-28,3
30.72,911.06,2025-11-13_00-15-28,4
30.79,911.09,2025-11-13_00-15-28,5
30.85,911.02,2025-11-13_00-15-28,6
30.92,911.03,2025-11-13_00-15-28,7
30.98,911.01,2025-11-13_00-15-28,8
31.05,911.06,2025-11-13_00-15-28,9
31.11,911.01,2025-11-13_00-15-28,10
31.18,911.0,2025-11-13_00-15-28,11
31.25,911.04,2025-11-13_00-15-28,12
31.31,910.97,2025-11-13_00-15-28,13
31.38,911.0,2025-11-13_00-15-28,14
31.44,910.99,2025-11-13_00-15-28,15
31.51,911.07,2025-11-13_00-15-28,16
31.57,911.02,2025-11-13_00-15-28,17
31.64,911.01,2025-11-13_00-15-28,18
31.7,910.99,2025-11-13_00-15-28,19
31.77,910.99,2025-11-13_00-15-28,20
31.83,911.03,2025-11-13_00-15-28,21
31.89,911.03,2025-11-13_00-15-28,22
31.96,911.01,2025-11-13_00-15-28,23
32.02,911.0,2025-11-13_00-15-28,24
32.08,911.02,2025-11-13_00-15-28,25
32.14,910.96,2025-11-13_00-15-28,26
32.2,910.97,2025-11-13_00-15-28,27
32.26,911.05,2025-11-13_00-15-28,28
32.32,911.05,2025-11-13_00-15-28,29
32.38,911.06,2025-11-13_00-15-28,30
32.44,911.03,2025-11-13_00-15-28,31
32.5,911.03,2025-11-13_00-15-28,32
32.56,911.06,2025-11-13_00-15-28,33
32.61,910.97,2025-11-13_00-15-28,34
32.67,910.99,2025-11-13_00-15-28,35
32.72,911.02,2025-11-13_00-15-28,36
32.78,911.02,2025-11-13_00-15-28,37
32.83,911.02,2025-11-13_00-15-28,38
32.88,910.97,2025-11-13_00-15-28,39
32.93,910.97,2025-11-13_00-15-28,40
32.97,911.0,2025-11-13_00-15-28,41
33.01,911.01,2025-11-13_00-15-28,42
33.05,911.0,2025-11-13_00-15-28,43
33.09,911.02,2025-11-13_00-15-28,44
33.13,911.02,2025-11-13_00-15-28,45
33.17,911.0,2025-11-13_00-15-28,46
33.21,911.01,2025-11-13_00-15-28,47
33.25,911.02,2025-11-13_00-15-28,48
30.5,911.1,2025-11-13_00-16-29,0
30.55,911.0,2025-11-13_00-16-29,1
30.6,911.05,2025-11-13_00-16-29,2
30.66,911.05,2025-11-13_00-16-29,3
30.72,911.06,2025-11-13_00-16-29,4
30.79,911.09,2025-11-13_00-16-29,5
30.85,911.02,2025-11-13_00-16-29,6
30.92,911.03,2025-11-13_00-16-29,7
30.98,911.01,2025-11-13_00-16-29,8
31.05,911.06,2025-11-13_00-16-29,9
31.11,911.01,2025-11-13_00-16-29,10
31.18,911.0,2025-11-13_00-16-29,11
31.25,911.04,2025-11-13_00-16-29,12
31.31,910.97,2025-11-13_00-16-29,13
31.38,911.0,2025-11-13_00-16-29,14
31.44,910.99,2025-11-13_00-16-29,15
31.51,911.07,2025-11-13_00-16-29,16
31.57,911.02,2025-11-13_00-16-29,17
31.64,911.01,2025-11-13_00-16-29,18
31.7,910.99,2025-11-13_00-16-29,19
31.77,910.99,2025-11-13_00-16-29,20
31.83,911.03,2025-11-13_00-16-29,21
31.89,911.03,2025-11-13_00-16-29,22
31.96,911.01,2025-11-13_00-16-29,23
32.02,911.0,2025-11-13_00-16-29,24
32.08,911.02,2025-11-13_00-16-29,25
32.14,910.96,2025-11-13_00-16-29,26
32.2,910.97,2025-11-13_00-16-29,27
32.26,911.05,2025-11-13_00-16-29,28
32.32,911.05,2025-11-13_00-16-29,29
32.38,911.06,2025-11-13_00-16-29,30
32.44,911.03,2025-11-13_00-16-29,31
32.5,911.03,2025-11-13_00-16-29,32
32.56,911.06,2025-11-13_00-16-29,33
32.61,910.97,2025-11-13_00-16-29,34
32.67,910.99,2025-11-13_00-16-29,35
32.72,911.02,2025-11-13_00-16-29,36
32.78,911.02,2025-11-13_00-16-29,37
32.83,911.02,2025-11-13_00-16-29,38
32.88,910.97,2025-11-13_00-16-29,39
32.93,910.97,2025-11-13_00-16-29,40
32.97,911.0,2025-11-13_00-16-29,41
33.01,911.01,2025-11-13_00-16-29,42
33.05,911.0,2025-11-13_00-16-29,43
33.09,911.02,2025-11-13_00-16-29,44
33.13,911.02,2025-11-13_00-16-29,45
33.17,911.0,2025-11-13_00-16-29,46
33.21,911.01,2025-11-13_00-16-29,47
33.25,911.02,2025-11-13_00-16-29,48
30.5,911.1,2025-11-15_22-12-04,0
30.55,911.0,2025-11-15_22-12-04,1
30.6,911.05,2025-11-15_22-12-04,2
30.66,911.05,2025-11-15_22-12-04,3
30.72,911.06,2025-11-15_22-12-04,4
30.79,911.09,2025-11-15_22-12-04,5
30.85,911.02,2025-11-15_22-12-04,6
30.92,911.03,2025-11-15_22-12-04,7
30.98,911.01,2025-11-15_22-12-04,8
31.05,911.06,2025-11-15_22-12-04,9
31.11,911.01,2025-11-15_22-12-04,10
31.18,911.0,2025-11-15_22-12-04,11
31.25,911.04,2025-11-15_22-12-04,12
31.31,910.97,2025-11-15_22-12-04,13
31.38,911.0,2025-11-15_22-12-04,14
31.44,910.99,2025-11-15_22-12-04,15
31.51,911.07,2025-11-15_22-12-04,16
31.57,911.02,2025-11-15_22-12-04,17
31.64,911.01,2025-11-15_22-12-04,18
31.7,910.99,2025-11-15_22-12-04,19
31.77,910.99,2025-11-15_22-12-04,20
31.83,911.03,2025-11-15_22-12-04,21
31.89,911.03,2025-11-15_22-12-04,22
31.96,911.01,2025-11-15_22-12-04,23
32.02,911.0,2025-11-15_22-12-04,24
32.08,911.02,2025-11-15_22-12-04,25
32.14,910.96,2025-11-15_22-12-04,26
32.2,910.97,2025-11-15_22-12-04,27
32.26,911.05,2025-11-15_22-12-04,28
32.32,911.05,2025-11-15_22-12-04,29
32.38,911.06,2025-11-15_22-12-04,30
32.44,911.03,2025-11-15_22-12-04,31
32.5,911.03,2025-11-15_22-12-04,32
32.56,911.06,2025-11-15_22-12-04,33
32.61,910.97,2025-11-15_22-12-04,34
32.67,910.99,2025-11-15_22-12-04,35
32.72,911.02,2025-11-15_22-12-04,36
32.78,911.02,2025-11-15_22-12-04,37
32.83,911.02,2025-11-15_22-12-04,38
32.88,910.97,2025-11-15_22-12-04,39
32.93,910.97,2025-11-15_22-12-04,40
32.97,911.0,2025-11-15_22-12-04,41
33.01,911.01,2025-11-15_22-12-04,42
33.05,911.0,2025-11-15_22-12-04,43
33.09,911.02,2025-11-15_22-12-04,44
33.13,911.02,2025-11-15_22-12-04,45
33.17,911.0,2025-11-15_22-12-04,46
33.21,911.01,2025-11-15_22-12-04,47
33.25,911.02,2025-11-15_22-12-04,48
30.5,911.1,2025-11-15_22-13-07,0
30.55,911.0,2025-11-15_22-13-07,1
30.6,911.05,2025-11-15_22-13-07,2
30.66,911.05,2025-11-15_22-13-07,3
30.72,911.06,2025-11-15_22-13-07,4
30.79,911.09,2025-11-15_22-13-07,5
30.85,911.02,2025-11-15_22-13-07,6
30.92,911.03,2025-11-15_22-13-07,7
30.98,911.01,2025-11-15_22-13-07,8
31.05,911.06,2025-11-15_22-13-07,9
31.11,911.01,2025-11-15_22-13-07,10
31.18,911.0,2025-11-15_22-13-07,11
31.25,911.04,2025-11-15_22-13-07,12
31.31,910.97,2025-11-15_22-13-07,13
31.38,911.0,2025-11-15_22-13-07,14
31.44,910.99,2025-11-15_22-13-07,15
31.51,911.07,2025-11-15_22-13-07,16
31.57,911.02,2025-11-15_22-13-07,17
31.64,911.01,2025-11-15_22-13-07,18
31.7,910.99,2025-11-15_22-13-07,19
31.77,910.99,2025-11-15_22-13-07,20
31.83,911.03,2025-11-15_22-13-07,21
31.89,911.03,2025-11-15_22-13-07,22
31.96,911.01,2025-11-15_22-13-07,23
32.02,911.0,2025-11-15_22-13-07,24
32.08,911.02,2025-11-15_22-13-07,25
32.14,910.96,2025-11-15_22-13-07,26
32.2,910.97,2025-11-15_22-13-07,27
32.26,911.05,2025-11-15_22-13-07,28
32.32,911.05,2025-11-15_22-13-07,29
32.38,911.06,2025-11-15_22-13-07,30
32.44,911.03,2025-11-15_22-13-07,31
32.5,911.03,2025-11-15_22-13-07,32
32.56,911.06,2025-11-15_22-13-07,33
32.61,910.97,2025-11-15_22-13-07,34
32.67,910.99,2025-11-15_22-13-07,35
32.72,911.02,2025-11-15_22-13-07,36
32.78,911.02,2025-11-15_22-13-07,37
32.83,911.02,2025-11-15_22-13-07,38
32.88,910.97,2025-11-15_22-13-07,39
32.93,910.97,2025-11-15_22-13-07,40
32.97,911.0,2025-11-15_22-13-07,41
33.01,911.01,2025-11-15_22-13-07,42
33.05,911.0,2025-11-15_22-13-07,43
33.09,911.02,2025-11-15_22-13-07,44
33.13,911.02,2025-11-15_22-13-07,45
33.17,911.0,2025-11-15_22-13-07,46
33.21,911.01,2025-11-15_22-13-07,47
33.25,911.02,2025-11-15_22-13-07,48
30.5,911.1,2025-11-15_22-14-07,0
30.55,911.0,2025-11-15_22-14-07,1
30.6,911.05,2025-11-15_22-14-07,2
30.66,911.05,2025-11-15_22-14-07,3
30.72,911.06,2025-11-15_22-14-07,4
30.79,911.09,2025-11-15_22-14-07,5
30.85,911.02,2025-11-15_22-14-07,6
30.92,911.03,2025-11-15_22-14-07,7
30.98,911.01,2025-11-15_22-14-07,8
31.05,911.06,2025-11-15_22-14-07,9
31.11,911.01,2025-11-15_22-14-07,10
31.18,911.0,2025-11-15_22-14-07,11
31.25,911.04,2025-11-15_22-14-07,12
31.31,910.97,2025-11-15_22-14-07,13
31.38,911.0,2025-11-15_22-14-07,14
31.44,910.99,2025-11-15_22-14-07,15
31.51,911.07,2025-11-15_22-14-07,16
31.57,911.02,2025-11-15_22-14-07,17
31.64,911.01,2025-11-15_22-14-07,18
31.7,910.99,2025-11-15_22-14-07,19
31.77,910.99,2025-11-15_22-14-07,20
31.83,911.03,2025-11-15_22-14-07,21
31.89,911.03,2025-11-15_22-14-07,22
31.96,911.01,2025-11-15_22-14-07,23
32.02,911.0,2025-11-15_22-14-07,24
32.08,911.02,2025-11-15_22-14-07,25
32.14,910.96,2025-11-15_22-14-07,26
32.2,910.97,2025-11-15_22-14-07,27
32.26,911.05,2025-11-15_22-14-07,28
32.32,911.05,2025-11-15_22-14-07,29
32.38,911.06,2025-11-15_22-14-07,30
32.44,911.03,2025-11-15_22-14-07,31
32.5,911.03,2025-11-15_22-14-07,32
32.56,911.06,2025-11-15_22-14-07,33
32.61,910.97,2025-11-15_22-14-07,34
32.67,910.99,2025-11-15_22-14-07,35
32.72,911.02,2025-11-15_22-14-07,36
32.78,911.02,2025-11-15_22-14-07,37
32.83,911.02,2025-11-15_22-14-07,38
32.88,910.97,2025-11-15_22-14-07,39
32.93,910.97,2025-11-15_22-14-07,40
32.97,911.0,2025-11-15_22-14-07,41
33.01,911.01,2025-11-15_22-14-07,42
33.05,911.0,2025-11-15_22-14-07,43
33.09,911.02,2025-11-15_22-14-07,44
33.13,911.02,2025-11-15_22-14-07,45
33.17,911.0,2025-11-15_22-14-07,46
33.21,911.01,2025-11-15_22-14-07,47
33.25,911.02,2025-11-15_22-14-07,48
30.5,911.1,2025-11-15_22-16-05,0
30.55,911.0,2025-11-15_22-16-05,1
30.6,911.05,2025-11-15_22-16-05,2
30.66,911.05,2025-11-15_22-16-05,3
30.72,911.06,2025-11-15_22-16-05,4
30.79,911.09,2025-11-15_22-16-05,5
30.85,911.02,2025-11-15_22-16-05,6
30.92,911.03,2025-11-15_22-16-05,7
30.98,911.01,2025-11-15_22-16-05,8
31.05,911.06,2025-11-15_22-16-05,9
31.11,911.01,2025-11-15_22-16-05,10
31.18,911.0,2025-11-15_22-16-05,11
31.25,911.04,2025-11-15_22-16-05,12
31.31,910.97,2025-11-15_22-16-05,13
31.38,911.0,2025-11-15_22-16-05,14
31.44,910.99,2025-11-15_22-16-05,15
31.51,911.07,2025-11-15_22-16-05,16
31.57,911.02,2025-11-15_22-16-05,17
31.64,911.01,2025-11-15_22-16-05,18
31.7,910.99,2025-11-15_22-16-05,19
31.77,910.99,2025-11-15_22-16-05,20
31.83,911.03,2025-11-15_22-16-05,21
31.89,911.03,2025-11-15_22-16-05,22
31.96,911.01,2025-11-15_22-16-05,23
32.02,911.0,2025-11-15_22-16-05,24
32.08,911.02,2025-11-15_22-16-05,25
32.14,910.96,2025-11-15_22-16-05,26
32.2,910.97,2025-11-15_22-16-05,27
32.26,911.05,2025-11-15_22-16-05,28
32.32,911.05,2025-11-15_22-16-05,29
32.38,911.06,2025-11-15_22-16-05,30
32.44,911.03,2025-11-15_22-16-05,31
32.5,911.03,2025-11-15_22-16-05,32
32.56,911.06,2025-11-15_22-16-05,33
32.61,910.97,2025-11-15_22-16-05,34
32.67,910.99,2025-11-15_22-16-05,35
32.72,911.02,2025-11-15_22-16-05,36
32.78,911.02,2025-11-15_22-16-05,37
32.83,911.02,2025-11-15_22-16-05,38
32.88,910.97,2025-11-15_22-16-05,39
32.93,910.97,2025-11-15_22-16-05,40
32.97,911.0,2025-11-15_22-16-05,41
33.01,911.01,2025-11-15_22-16-05,42
33.05,911.0,2025-11-15_22-16-05,43
33.09,911.02,2025-11-15_22-16-05,44
33.13,911.02,2025-11-15_22-16-05,45
33.17,911.0,2025-11-15_22-16-05,46
33.21,911.01,2025-11-15_22-16-05,47
33.25,911.02,2025-11-15_22-16-05,48
30.5,911.1,2025-11-15_22-17-08,0
30.55,911.0,2025-11-15_22-17-08,1
30.6,911.05,2025-11-15_22-17-08,2
30.66,911.05,2025-11-15_22-17-08,3
30.72,911.06,2025-11-15_22-17-08,4
30.79,911.09,2025-11-15_22-17-08,5
30.85,911.02,2025-11-15_22-17-08,6
30.92,911.03,2025-11-15_22-17-08,7
30.98,911.01,2025-11-15_22-17-08,8
31.05,911.06,2025-11-15_22-17-08,9
31.11,911.01,2025-11-15_22-17-08,10
31.18,911.0,2025-11-15_22-17-08,11
31.25,911.04,2025-11-15_22-17-08,12
31.31,910.97,2025-11-15_22-17-08,13
31.38,911.0,2025-11-15_22-17-08,14
31.44,910.99,2025-11-15_22-17-08,15
31.51,911.07,2025-11-15_22-17-08,16
31.57,911.02,2025-11-15_22-17-08,17
31.64,911.01,2025-11-15_22-17-08,18
31.7,910.99,2025-11-15_22-17-08,19
31.77,910.99,2025-11-15_22-17-08,20
31.83,911.03,2025-11-15_22-17-08,21
31.89,911.03,2025-11-15_22-17-08,22
31.96,911.01,2025-11-15_22-17-08,23
32.02,911.0,2025-11-15_22-17-08,24
32.08,911.02,2025-11-15_22-17-08,25
32.14,910.96,2025-11-15_22-17-08,26
32.2,910.97,2025-11-15_22-17-08,27
32.26,911.05,2025-11-15_22-17-08,28
32.32,911.05,2025-11-15_22-17-08,29
32.38,911.06,2025-11-15_22-17-08,30
32.44,911.03,2025-11-15_22-17-08,31
32.5,911.03,2025-11-15_22-17-08,32
32.56,911.06,2025-11-15_22-17-08,33
32.61,910.97,2025-11-15_22-17-08,34
32.67,910.99,2025-11-15_22-17-08,35
32.72,911.02,2025-11-15_22-17-08,36
32.78,911.02,2025-11-15_22-17-08,37
32.83,911.02,2025-11-15_22-17-08,38
32.88,910.97,2025-11-15_22-17-08,39
32.93,910.97,2025-11-15_22-17-08,40
32.97,911.0,2025-11-15_22-17-08,41
33.01,911.01,2025-11-15_22-17-08,42
33.05,911.0,2025-11-15_22-17-08,43
33.09,911.02,2025-11-15_22-17-08,44
33.13,911.02,2025-11-15_22-17-08,45
33.17,911.0,2025-11-15_22-17-08,46
33.21,911.01,2025-11-15_22-17-08,47
33.25,911.02,2025-11-15_22-17-08,48
30.5,911.1,2025-11-15_22-18-11,0
30.55,911.0,2025-11-15_22-18-11,1
30.6,911.05,2025-11-15_22-18-11,2
30.66,911.05,2025-11-15_22-18-11,3
30.72,911.06,2025-11-15_22-18-11,4
30.79,911.09,2025-11-15_22-18-11,5
30.85,911.02,2025-11-15_22-18-11,6
30.92,911.03,2025-11-15_22-18-11,7
30.98,911.01,2025-11-15_22-18-11,8
31.05,911.06,2025-11-15_22-18-11,9
31.11,911.01,2025-11-15_22-18-11,10
31.18,911.0,2025-11-15_22-18-11,11
31.25,911.04,2025-11-15_22-18-11,12
31.31,910.97,2025-11-15_22-18-11,13
31.38,911.0,2025-11-15_22-18-11,14
31.44,910.99,2025-11-15_22-18-11,15
31.51,911.07,2025-11-15_22-18-11,16
31.57,911.02,2025-11-15_22-18-11,17
31.64,911.01,2025-11-15_22-18-11,18
31.7,910.99,2025-11-15_22-18-11,19
31.77,910.99,2025-11-15_22-18-11,20
31.83,911.03,2025-11-15_22-18-11,21
31.89,911.03,2025-11-15_22-18-11,22
31.96,911.01,2025-11-15_22-18-11,23
32.02,911.0,2025-11-15_22-18-11,24
32.08,911.02,2025-11-15_22-18-11,25
32.14,910.96,2025-11-15_22-18-11,26
32.2,910.97,2025-11-15_22-18-11,27
32.26,911.05,2025-11-15_22-18-11,28
32.32,911.05,2025-11-15_22-18-11,29
32.38,911.06,2025-11-15_22-18-11,30
32.44,911.03,2025-11-15_22-18-11,31
32.5,911.03,2025-11-15_22-18-11,32
32.56,911.06,2025-11-15_22-18-11,33
32.61,910.97,2025-11-15_22-18-11,34
32.67,910.99,2025-11-15_22-18-11,35
32.72,911.02,2025-11-15_22-18-11,36
32.78,911.02,2025-11-15_22-18-11,37
32.83,911.02,2025-11-15_22-18-11,38
32.88,910.97,2025-11-15_22-18-11,39
32.93,910.97,2025-11-15_22-18-11,40
32.97,911.0,2025-11-15_22-18-11,41
33.01,911.01,2025-11-15_22-18-11,42
33.05,911.0,2025-11-15_22-18-11,43
33.09,911.02,2025-11-15_22-18-11,44
33.13,911.02,2025-11-15_22-18-11,45
33.17,911.0,2025-11-15_22-18-11,46
33.21,911.01,2025-11-15_22-18-11,47
33.25,911.02,2025-11-15_22-18-11,48
30.5,911.1,2025-11-15_23-02-50,0
30.55,911.0,2025-11-15_23-02-50,1
30.6,911.05,2025-11-15_23-02-50,2
30.66,911.05,2025-11-15_23-02-50,3
30.72,911.06,2025-11-15_23-02-50,4
30.79,911.09,2025-11-15_23-02-50,5
30.85,911.02,2025-11-15_23-02-50,6
30.92,911.03,2025-11-15_23-02-50,7
30.98,911.01,2025-11-15_23-02-50,8
31.05,911.06,2025-11-15_23-02-50,9
31.11,911.01,2025-11-15_23-02-50,10
31.18,911.0,2025-11-15_23-02-50,11
31.25,911.04,2025-11-15_23-02-50,12
31.31,910.97,2025-11-15_23-02-50,13
31.38,911.0,2025-11-15_23-02-50,14
31.44,910.99,2025-11-15_23-02-50,15
31.51,911.07,2025-11-15_23-02-50,16
31.57,911.02,2025-11-15_23-02-50,17
31.64,911.01,2025-11-15_23-02-50,18
31.7,910.99,2025-11-15_23-02-50,19
31.77,910.99,2025-11-15_23-02-50,20
31.83,911.03,2025-11-15_23-02-50,21
31.89,911.03,2025-11-15_23-02-50,22
31.96,911.01,2025-11-15_23-02-50,23
32.02,911.0,2025-11-15_23-02-50,24
32.08,911.02,2025-11-15_23-02-50,25
32.14,910.96,2025-11-15_23-02-50,26
32.2,910.97,2025-11-15_23-02-50,27
32.26,911.05,2025-11-15_23-02-50,28
32.32,911.05,2025-11-15_23-02-50,29
32.38,911.06,2025-11-15_23-02-50,30
32.44,911.03,2025-11-15_23-02-50,31
32.5,911.03,2025-11-15_23-02-50,32
32.56,911.06,2025-11-15_23-02-50,33
32.61,910.97,2025-11-15_23-02-50,34
32.67,910.99,2025-11-15_23-02-50,35
32.72,911.02,2025-11-15_23-02-50,36
32.78,911.02,2025-11-15_23-02-50,37
32.83,911.02,2025-11-15_23-02-50,38
32.88,910.97,2025-11-15_23-02-50,39
32.93,910.97,2025-11-15_23-02-50,40
32.97,911.0,2025-11-15_23-02-50,41
33.01,911.01,2025-11-15_23-02-50,42
33.05,911.0,2025-11-15_23-02-50,43
33.09,911.02,2025-11-15_23-02-50,44
33.13,911.02,2025-11-15_23-02-50,45
33.17,911.0,2025-11-15_23-02-50,46
33.21,911.01,2025-11-15_23-02-50,47
33.25,911.02,2025-11-15_23-02-50,48
30.5,911.1,2025-11-15_23-03-53,0
30.55,911.0,2025-11-15_23-03-53,1
30.6,911.05,2025-11-15_23-03-53,2
30.66,911.05,2025-11-15_23-03-53,3
30.72,911.06,2025-11-15_23-03-53,4
30.79,911.09,2025-11-15_23-03-53,5
30.85,911.02,2025-11-15_23-03-53,6
30.92,911.03,2025-11-15_23-03-53,7
30.98,911.01,2025-11-15_23-03-53,8
31.05,911.06,2025-11-15_23-03-53,9
31.11,911.01,2025-11-15_23-03-53,10
31.18,911.0,2025-11-15_23-03-53,11
31.25,911.04,2025-11-15_23-03-53,12
31.31,910.97,2025-11-15_23-03-53,13
31.38,911.0,2025-11-15_23-03-53,14
31.44,910.99,2025-11-15_23-03-53,15
31.51,911.07,2025-11-15_23-03-53,16
31.57,911.02,2025-11-15_23-03-53,17
31.64,911.01,2025-11-15_23-03-53,18
31.7,910.99,2025-11-15_23-03-53,19
31.77,910.99,2025-11-15_23-03-53,20
31.83,911.03,2025-11-15_23-03-53,21
31.89,911.03,2025-11-15_23-03-53,22
31.96,911.01,2025-11-15_23-03-53,23
32.02,911.0,2025-11-15_23-03-53,24
32.08,911.02,2025-11-15_23-03-53,25
32.14,910.96,2025-11-15_23-03-53,26
32.2,910.97,2025-11-15_23-03-53,27
32.26,911.05,2025-11-15_23-03-53,28
32.32,911.05,2025-11-15_23-03-53,29
32.38,911.06,2025-11-15_23-03-53,30
32.44,911.03,2025-11-15_23-03-53,31
32.5,911.03,2025-11-15_23-03-53,32
32.56,911.06,2025-11-15_23-03-53,33
32.61,910.97,2025-11-15_23-03-53,34
32.67,910.99,2025-11-15_23-03-53,35
32.72,911.02,2025-11-15_23-03-53,36
32.78,911.02,2025-11-15_23-03-53,37
32.83,911.02,2025-11-15_23-03-53,38
32.88,910.97,2025-11-15_23-03-53,39
32.93,910.97,2025-11-15_23-03-53,40
32.97,911.0,2025-11-15_23-03-53,41
33.01,911.01,2025-11-15_23-03-53,42
33.05,911.0,2025-11-15_23-03-53,43
33.09,911.02,2025-11-15_23-03-53,44
33.13,911.02,2025-11-15_23-03-53,45
33.17,911.0,2025-11-15_23-03-53,46
33.21,911.01,2025-11-15_23-03-53,47
33.25,911.02,2025-11-15_23-03-53,48
30.5,911.1,2025-11-15_23-04-54,0
30.55,911.0,2025-11-15_23-04-54,1
30.6,911.05,2025-11-15_23-04-54,2
30.66,911.05,2025-11-15_23-04-54,3
30.72,911.06,2025-11-15_23-04-54,4
30.79,911.09,2025-11-15_23-04-54,5
30.85,911.02,2025-11-15_23-04-54,6
30.92,911.03,2025-11-15_23-04-54,7
30.98,911.01,2025-11-15_23-04-54,8
31.05,911.06,2025-11-15_23-04-54,9
31.11,911.01,2025-11-15_23-04-54,10
31.18,911.0,2025-11-15_23-04-54,11
31.25,911.04,2025-11-15_23-04-54,12
31.31,910.97,2025-11-15_23-04-54,13
31.38,911.0,2025-11-15_23-04-54,14
31.44,910.99,2025-11-15_23-04-54,15
31.51,911.07,2025-11-15_23-04-54,16
31.57,911.02,2025-11-15_23-04-54,17
31.64,911.01,2025-11-15_23-04-54,18
31.7,910.99,2025-11-15_23-04-54,19
31.77,910.99,2025-11-15_23-04-54,20
31.83,911.03,2025-11-15_23-04-54,21
31.89,911.03,2025-11-15_23-04-54,22
31.96,911.01,2025-11-15_23-04-54,23
32.02,911.0,2025-11-15_23-04-54,24
32.08,911.02,2025-11-15_23-04-54,25
32.14,910.96,2025-11-15_23-04-54,26
32.2,910.97,2025-11-15_23-04-54,27
32.26,911.05,2025-11-15_23-04-54,28
32.32,911.05,2025-11-15_23-04-54,29
32.38,911.06,2025-11-15_23-04-54,30
32.44,911.03,2025-11-15_23-04-54,31
32.5,911.03,2025-11-15_23-04-54,32
32.56,911.06,2025-11-15_23-04-54,33
32.61,910.97,2025-11-15_23-04-54,34
32.67,910.99,2025-11-15_23-04-54,35
32.72,911.02,2025-11-15_23-04-54,36
32.78,911.02,2025-11-15_23-04-54,37
32.83,911.02,2025-11-15_23-04-54,38
32.88,910.97,2025-11-15_23-04-54,39
32.93,910.97,2025-11-15_23-04-54,40
32.97,911.0,2025-11-15_23-04-54,41
33.01,911.01,2025-11-15_23-04-54,42
33.05,911.0,2025-11-15_23-04-54,43
33.09,911.02,2025-11-15_23-04-54,44
33.13,911.02,2025-11-15_23-04-54,45
33.17,911.0,2025-11-15_23-04-54,46
33.21,911.01,2025-11-15_23-04-54,47
33.25,911.02,2025-11-15_23-04-54,48
30.5,911.1,2025-11-15_23-05-55,0
30.55,911.0,2025-11-15_23-05-55,1
30.6,911.05,2025-11-15_23-05-55,2
30.66,911.05,2025-11-15_23-05-55,3
30.72,911.06,2025-11-15_23-05-55,4
30.79,911.09,2025-11-15_23-05-55,5
30.85,911.02,2025-11-15_23-05-55,6
30.92,911.03,2025-11-15_23-05-55,7
30.98,911.01,2025-11-15_23-05-55,8
31.05,911.06,2025-11-15_23-05-55,9
31.11,911.01,2025-11-15_23-05-55,10
31.18,911.0,2025-11-15_23-05-55,11
31.25,911.04,2025-11-15_23-05-55,12
31.31,910.97,2025-11-15_23-05-55,13
31.38,911.0,2025-11-15_23-05-55,14
31.44,910.99,2025-11-15_23-05-55,15
31.51,911.07,2025-11-15_23-05-55,16
31.57,911.02,2025-11-15_23-05-55,17
31.64,911.01,2025-11-15_23-05-55,18
31.7,910.99,2025-11-15_23-05-55,19
31.77,910.99,2025-11-15_23-05-55,20
31.83,911.03,2025-11-15_23-05-55,21
31.89,911.03,2025-11-15_23-05-55,22
31.96,911.01,2025-11-15_23-05-55,23
32.02,911.0,2025-11-15_23-05-55,24
32.08,911.02,2025-11-15_23-05-55,25
32.14,910.96,2025-11-15_23-05-55,26
32.2,910.97,2025-11-15_23-05-55,27
32.26,911.05,2025-11-15_23-05-55,28
32.32,911.05,2025-11-15_23-05-55,29
32.38,911.06,2025-11-15_23-05-55,30
32.44,911.03,2025-11-15_23-05-55,31
32.5,911.03,2025-11-15_23-05-55,32
32.56,911.06,2025-11-15_23-05-55,33
32.61,910.97,2025-11-15_23-05-55,34
32.67,910.99,2025-11-15_23-05-55,35
32.72,911.02,2025-11-15_23-05-55,36
32.78,911.02,2025-11-15_23-05-55,37
32.83,911.02,2025-11-15_23-05-55,38
32.88,910.97,2025-11-15_23-05-55,39
32.93,910.97,2025-11-15_23-05-55,40
32.97,911.0,2025-11-15_23-05-55,41
33.01,911.01,2025-11-15_23-05-55,42
33.05,911.0,2025-11-15_23-05-55,43
33.09,911.02,2025-11-15_23-05-55,44
33.13,911.02,2025-11-15_23-05-55,45
33.17,911.0,2025-11-15_23-05-55,46
33.21,911.01,2025-11-15_23-05-55,47
33.25,911.02,2025-11-15_23-05-55,48
30.5,911.1,2025-11-15_23-06-55,0
30.55,911.0,2025-11-15_23-06-55,1
30.6,911.05,2025-11-15_23-06-55,2
30.66,911.05,2025-11-15_23-06-55,3
30.72,911.06,2025-11-15_23-06-55,4
30.79,911.09,2025-11-15_23-06-55,5
30.85,911.02,2025-11-15_23-06-55,6
30.92,911.03,2025-11-15_23-06-55,7
30.98,911.01,2025-11-15_23-06-55,8
31.05,911.06,2025-11-15_23-06-55,9
31.11,911.01,2025-11-15_23-06-55,10
31.18,911.0,2025-11-15_23-06-55,11
31.25,911.04,2025-11-15_23-06-55,12
31.31,910.97,2025-11-15_23-06-55,13
31.38,911.0,2025-11-15_23-06-55,14
31.44,910.99,2025-11-15_23-06-55,15
31.51,911.07,2025-11-15_23-06-55,16
31.57,911.02,2025-11-15_23-06-55,17
31.64,911.01,2025-11-15_23-06-55,18
31.7,910.99,2025-11-15_23-06-55,19
31.77,910.99,2025-11-15_23-06-55,20
31.83,911.03,2025-11-15_23-06-55,21
31.89,911.03,2025-11-15_23-06-55,22
31.96,911.01,2025-11-15_23-06-55,23
32.02,911.0,2025-11-15_23-06-55,24
32.08,911.02,2025-11-15_23-06-55,25
32.14,910.96,2025-11-15_23-06-55,26
32.2,910.97,2025-11-15_23-06-55,27
32.26,911.05,2025-11-15_23-06-55,28
32.32,911.05,2025-11-15_23-06-55,29
32.38,911.06,2025-11-15_23-06-55,30
32.44,911.03,2025-11-15_23-06-55,31
32.5,911.03,2025-11-15_23-06-55,32
32.56,911.06,2025-11-15_23-06-55,33
32.61,910.97,2025-11-15_23-06-55,34
32.67,910.99,2025-11-15_23-06-55,35
32.72,911.02,2025-11-15_23-06-55,36
32.78,911.02,2025-11-15_23-06-55,37
32.83,911.02,2025-11-15_23-06-55,38
32.88,910.97,2025-11-15_23-06-55,39
32.93,910.97,2025-11-15_23-06-55,40
32.97,911.0,2025-11-15_23-06-55,41
33.01,911.01,2025-11-15_23-06-55,42
33.05,911.0,2025-11-15_23-06-55,43
33.09,911.02,2025-11-15_23-06-55,44
33.13,911.02,2025-11-15_23-06-55,45
33.17,911.0,2025-11-15_23-06-55,46
33.21,911.01,2025-11-15_23-06-55,47
33.25,911.02,2025-11-15_23-06-55,48
30.5,911.1,2025-11-15_23-10-55,0
30.55,911.0,2025-11-15_23-10-55,1
30.6,911.05,2025-11-15_23-10-55,2
30.66,911.05,2025-11-15_23-10-55,3
30.72,911.06,2025-11-15_23-10-55,4
30.79,911.09,2025-11-15_23-10-55,5
30.85,911.02,2025-11-15_23-10-55,6
30.92,911.03,2025-11-15_23-10-55,7
30.98,911.01,2025-11-15_23-10-55,8
31.05,911.06,2025-11-15_23-10-55,9
31.11,911.01,2025-11-15_23-10-55,10
31.18,911.0,2025-11-15_23-10-55,11
31.25,911.04,2025-11-15_23-10-55,12
31.31,910.97,2025-11-15_23-10-55,13
31.38,911.0,2025-11-15_23-10-55,14
31.44,910.99,2025-11-15_23-10-55,15
31.51,911.07,2025-11-15_23-10-55,16
31.57,911.02,2025-11-15_23-10-55,17
31.64,911.01,2025-11-15_23-10-55,18
31.7,910.99,2025-11-15_23-10-55,19
31.77,910.99,2025-11-15_23-10-55,20
31.83,911.03,2025-11-15_23-10-55,21
31.89,911.03,2025-11-15_23-10-55,22
31.96,911.01,2025-11-15_23-10-55,23
32.02,911.0,2025-11-15_23-10-55,24
32.08,911.02,2025-11-15_23-10-55,25
32.14,910.96,2025-11-15_23-10-55,26
32.2,910.97,2025-11-15_23-10-55,27
32.26,911.05,2025-11-15_23-10-55,28
32.32,911.05,2025-11-15_23-10-55,29
32.38,911.06,2025-11-15_23-10-55,30
32.44,911.03,2025-11-15_23-10-55,31
32.5,911.03,2025-11-15_23-10-55,32
32.56,911.06,2025-11-15_23-10-55,33
32.61,910.97,2025-11-15_23-10-55,34
32.67,910.99,2025-11-15_23-10-55,35
32.72,911.02,2025-11-15_23-10-55,36
32.78,911.02,2025-11-15_23-10-55,37
32.83,911.02,2025-11-15_23-10-55,38
32.88,910.97,2025-11-15_23-10-55,39
32.93,910.97,2025-11-15_23-10-55,40
32.97,911.0,2025-11-15_23-10-55,41
33.01,911.01,2025-11-15_23-10-55,42
33.05,911.0,2025-11-15_23-10-55,43
33.09,911.02,2025-11-15_23-10-55,44
33.13,911.02,2025-11-15_23-10-55,45
33.17,911.0,2025-11-15_23-10-55,46
33.21,911.01,2025-11-15_23-10-55,47
33.25,911.02,2025-11-15_23-10-55,48
30.5,911.1,2025-11-15_23-11-58,0
30.55,911.0,2025-11-15_23-11-58,1
30.6,911.05,2025-11-15_23-11-58,2
30.66,911.05,2025-11-15_23-11-58,3
30.72,911.06,2025-11-15_23-11-58,4
30.79,911.09,2025-11-15_23-11-58,5
30.85,911.02,2025-11-15_23-11-58,6
30.92,911.03,2025-11-15_23-11-58,7
30.98,911.01,2025-11-15_23-11-58,8
31.05,911.06,2025-11-15_23-11-58,9
31.11,911.01,2025-11-15_23-11-58,10
31.18,911.0,2025-11-15_23-11-58,11
31.25,911.04,2025-11-15_23-11-58,12
31.31,910.97,2025-11-15_23-11-58,13
31.38,911.0,2025-11-15_23-11-58,14
31.44,910.99,2025-11-15_23-11-58,15
31.51,911.07,2025-11-15_23-11-58,16
31.57,911.02,2025-11-15_23-11-58,17
31.64,911.01,2025-11-15_23-11-58,18
31.7,910.99,2025-11-15_23-11-58,19
31.77,910.99,2025-11-15_23-11-58,20
31.83,911.03,2025-11-15_23-11-58,21
31.89,911.03,2025-11-15_23-11-58,22
31.96,911.01,2025-11-15_23-11-58,23
32.02,911.0,2025-11-15_23-11-58,24
32.08,911.02,2025-11-15_23-11-58,25
32.14,910.96,2025-11-15_23-11-58,26
32.2,910.97,2025-11-15_23-11-58,27
32.26,911.05,2025-11-15_23-11-58,28
32.32,911.05,2025-11-15_23-11-58,29
32.38,911.06,2025-11-15_23-11-58,30
32.44,911.03,2025-11-15_23-11-58,31
32.5,911.03,2025-11-15_23-11-58,32
32.56,911.06,2025-11-15_23-11-58,33
32.61,910.97,2025-11-15_23-11-58,34
32.67,910.99,2025-11-15_23-11-58,35
32.72,911.02,2025-11-15_23-11-58,36
32.78,911.02,2025-11-15_23-11-58,37
32.83,911.02,2025-11-15_23-11-58,38
32.88,910.97,2025-11-15_23-11-58,39
32.93,910.97,2025-11-15_23-11-58,40
32.97,911.0,2025-11-15_23-11-58,41
33.01,911.01,2025-11-15_23-11-58,42
33.05,911.0,2025-11-15_23-11-58,43
33.09,911.02,2025-11-15_23-11-58,44
33.13,911.02,2025-11-15_23-11-58,45
33.17,911.0,2025-11-15_23-11-58,46
33.21,911.01,2025-11-15_23-11-58,47
33.25,911.02,2025-11-15_23-11-58,48
30.5,911.1,2025-11-15_23-12-59,0
30.55,911.0,2025-11-15_23-12-59,1
30.6,911.05,2025-11-15_23-12-59,2
30.66,911.05,2025-11-15_23-12-59,3
30.72,911.06,2025-11-15_23-12-59,4
30.79,911.09,2025-11-15_23-12-59,5
30.85,911.02,2025-11-15_23-12-59,6
30.92,911.03,2025-11-15_23-12-59,7
30.98,911.01,2025-11-15_23-12-59,8
31.05,911.06,2025-11-15_23-12-59,9
31.11,911.01,2025-11-15_23-12-59,10
31.18,911.0,2025-11-15_23-12-59,11
31.25,911.04,2025-11-15_23-12-59,12
31.31,910.97,2025-11-15_23-12-59,13
31.38,911.0,2025-11-15_23-12-59,14
31.44,910.99,2025-11-15_23-12-59,15
31.51,911.07,2025-11-15_23-12-59,16
31.57,911.02,2025-11-15_23-12-59,17
31.64,911.01,2025-11-15_23-12-59,18
31.7,910.99,2025-11-15_23-12-59,19
31.77,910.99,2025-11-15_23-12-59,20
31.83,911.03,2025-11-15_23-12-59,21
31.89,911.03,2025-11-15_23-12-59,22
31.96,911.01,2025-11-15_23-12-59,23
32.02,911.0,2025-11-15_23-12-59,24
32.08,911.02,2025-11-15_23-12-59,25
32.14,910.96,2025-11-15_23-12-59,26
32.2,910.97,2025-11-15_23-12-59,27
32.26,911.05,2025-11-15_23-12-59,28
32.32,911.05,2025-11-15_23-12-59,29
32.38,911.06,2025-11-15_23-12-59,30
32.44,911.03,2025-11-15_23-12-59,31
32.5,911.03,2025-11-15_23-12-59,32
32.56,911.06,2025-11-15_23-12-59,33
32.61,910.97,2025-11-15_23-12-59,34
32.67,910.99,2025-11-15_23-12-59,35
32.72,911.02,2025-11-15_23-12-59,36
32.78,911.02,2025-11-15_23-12-59,37
32.83,911.02,2025-11-15_23-12-59,38
32.88,910.97,2025-11-15_23-12-59,39
32.93,910.97,2025-11-15_23-12-59,40
32.97,911.0,2025-11-15_23-12-59,41
33.01,911.01,2025-11-15_23-12-59,42
33.05,911.0,2025-11-15_23-12-59,43
33.09,911.02,2025-11-15_23-12-59,44
33.13,911.02,2025-11-15_23-12-59,45
33.17,911.0,2025-11-15_23-12-59,46
33.21,911.01,2025-11-15_23-12-59,47
33.25,911.02,2025-11-15_23-12-59,48
30.5,911.1,2025-11-15_23-13-59,0
30.55,911.0,2025-11-15_23-13-59,1
30.6,911.05,2025-11-15_23-13-59,2
30.66,911.05,2025-11-15_23-13-59,3
30.72,911.06,2025-11-15_23-13-59,4
30.79,911.09,2025-11-15_23-13-59,5
30.85,911.02,2025-11-15_23-13-59,6
30.92,911.03,2025-11-15_23-13-59,7
30.98,911.01,2025-11-15_23-13-59,8
31.05,911.06,2025-11-15_23-13-59,9
31.11,911.01,2025-11-15_23-13-59,10
31.18,911.0,2025-11-15_23-13-59,11
31.25,911.04,2025-11-15_23-13-59,12
31.31,910.97,2025-11-15_23-13-59,13
31.38,911.0,2025-11-15_23-13-59,14
31.44,910.99,2025-11-15_23-13-59,15
31.51,911.07,2025-11-15_23-13-59,16
31.57,911.02,2025-11-15_23-13-59,17
31.64,911.01,2025-11-15_23-13-59,18
31.7,910.99,2025-11-15_23-13-59,19
31.77,910.99,2025-11-15_23-13-59,20
31.83,911.03,2025-11-15_23-13-59,21
31.89,911.03,2025-11-15_23-13-59,22
31.96,911.01,2025-11-15_23-13-59,23
32.02,911.0,2025-11-15_23-13-59,24
32.08,911.02,2025-11-15_23-13-59,25
32.14,910.96,2025-11-15_23-13-59,26
32.2,910.97,2025-11-15_23-13-59,27
32.26,911.05,2025-11-15_23-13-59,28
32.32,911.05,2025-11-15_23-13-59,29
32.38,911.06,2025-11-15_23-13-59,30
32.44,911.03,2025-11-15_23-13-59,31
32.5,911.03,2025-11-15_23-13-59,32
32.56,911.06,2025-11-15_23-13-59,33
32.61,910.97,2025-11-15_23-13-59,34
32.67,910.99,2025-11-15_23-13-59,35
32.72,911.02,2025-11-15_23-13-59,36
32.78,911.02,2025-11-15_23-13-59,37
32.83,911.02,2025-11-15_23-13-59,38
32.88,910.97,2025-11-15_23-13-59,39
32.93,910.97,2025-11-15_23-13-59,40
32.97,911.0,2025-11-15_23-13-59,41
33.01,911.01,2025-11-15_23-13-59,42
33.05,911.0,2025-11-15_23-13-59,43
33.09,911.02,2025-11-15_23-13-59,44
33.13,911.02,2025-11-15_23-13-59,45
33.17,911.0,2025-11-15_23-13-59,46
33.21,911.01,2025-11-15_23-13-59,47
33.25,911.02,2025-11-15_23-13-59,48
30.5,911.1,2025-11-15_23-15-00,0
30.55,911.0,2025-11-15_23-15-00,1
30.6,911.05,2025-11-15_23-15-00,2
30.66,911.05,2025-11-15_23-15-00,3
30.72,911.06,2025-11-15_23-15-00,4
30.79,911.09,2025-11-15_23-15-00,5
30.85,911.02,2025-11-15_23-15-00,6
30.92,911.03,2025-11-15_23-15-00,7
30.98,911.01,2025-11-15_23-15-00,8
31.05,911.06,2025-11-15_23-15-00,9
31.11,911.01,2025-11-15_23-15-00,10
31.18,911.0,2025-11-15_23-15-00,11
31.25,911.04,2025-11-15_23-15-00,12
31.31,910.97,2025-11-15_23-15-00,13
31.38,911.0,2025-11-15_23-15-00,14
31.44,910.99,2025-11-15_23-15-00,15
31.51,911.07,2025-11-15_23-15-00,16
31.57,911.02,2025-11-15_23-15-00,17
31.64,911.01,2025-11-15_23-15-00,18
31.7,910.99,2025-11-15_23-15-00,19
31.77,910.99,2025-11-15_23-15-00,20
31.83,911.03,2025-11-15_23-15-00,21
31.89,911.03,2025-11-15_23-15-00,22
31.96,911.01,2025-11-15_23-15-00,23
32.02,911.0,2025-11-15_23-15-00,24
32.08,911.02,2025-11-15_23-15-00,25
32.14,910.96,2025-11-15_23-15-00,26
32.2,910.97,2025-11-15_23-15-00,27
32.26,911.05,2025-11-15_23-15-00,28
32.32,911.05,2025-11-15_23-15-00,29
32.38,911.06,2025-11-15_23-15-00,30
32.44,911.03,2025-11-15_23-15-00,31
32.5,911.03,2025-11-15_23-15-00,32
32.56,911.06,2025-11-15_23-15-00,33
32.61,910.97,2025-11-15_23-15-00,34
32.67,910.99,2025-11-15_23-15-00,35
32.72,911.02,2025-11-15_23-15-00,36
32.78,911.02,2025-11-15_23-15-00,37
32.83,911.02,2025-11-15_23-15-00,38
32.88,910.97,2025-11-15_23-15-00,39
32.93,910.97,2025-11-15_23-15-00,40
32.97,911.0,2025-11-15_23-15-00,41
33.01,911.01,2025-11-15_23-15-00,42
33.05,911.0,2025-11-15_23-15-00,43
33.09,911.02,2025-11-15_23-15-00,44
33.13,911.02,2025-11-15_23-15-00,45
33.17,911.0,2025-11-15_23-15-00,46
33.21,911.01,2025-11-15_23-15-00,47
33.25,911.02,2025-11-15_23-15-00,48
30.5,911.1,2025-11-15_23-16-00,0
30.55,911.0,2025-11-15_23-16-00,1
30.6,911.05,2025-11-15_23-16-00,2
30.66,911.05,2025-11-15_23-16-00,3
30.72,911.06,2025-11-15_23-16-00,4
30.79,911.09,2025-11-15_23-16-00,5
30.85,911.02,2025-11-15_23-16-00,6
30.92,911.03,2025-11-15_23-16-00,7
30.98,911.01,2025-11-15_23-16-00,8
31.05,911.06,2025-11-15_23-16-00,9
31.11,911.01,2025-11-15_23-16-00,10
31.18,911.0,2025-11-15_23-16-00,11
31.25,911.04,2025-11-15_23-16-00,12
31.31,910.97,2025-11-15_23-16-00,13
31.38,911.0,2025-11-15_23-16-00,14
31.44,910.99,2025-11-15_23-16-00,15
31.51,911.07,2025-11-15_23-16-00,16
31.57,911.02,2025-11-15_23-16-00,17
31.64,911.01,2025-11-15_23-16-00,18
31.7,910.99,2025-11-15_23-16-00,19
31.77,910.99,2025-11-15_23-16-00,20
31.83,911.03,2025-11-15_23-16-00,21
31.89,911.03,2025-11-15_23-16-00,22
31.96,911.01,2025-11-15_23-16-00,23
32.02,911.0,2025-11-15_23-16-00,24
32.08,911.02,2025-11-15_23-16-00,25
32.14,910.96,2025-11-15_23-16-00,26
32.2,910.97,2025-11-15_23-16-00,27
32.26,911.05,2025-11-15_23-16-00,28
32.32,911.05,2025-11-15_23-16-00,29
32.38,911.06,2025-11-15_23-16-00,30
32.44,911.03,2025-11-15_23-16-00,31
32.5,911.03,2025-11-15_23-16-00,32
32.56,911.06,2025-11-15_23-16-00,33
32.61,910.97,2025-11-15_23-16-00,34
32.67,910.99,2025-11-15_23-16-00,35
32.72,911.02,2025-11-15_23-16-00,36
32.78,911.02,2025-11-15_23-16-00,37
32.83,911.02,2025-11-15_23-16-00,38
32.88,910.97,2025-11-15_23-16-00,39
32.93,910.97,2025-11-15_23-16-00,40
32.97,911.0,2025-11-15_23-16-00,41
33.01,911.01,2025-11-15_23-16-00,42
33.05,911.0,2025-11-15_23-16-00,43
33.09,911.02,2025-11-15_23-16-00,44
33.13,911.02,2025-11-15_23-16-00,45
33.17,911.0,2025-11-15_23-16-00,46
33.21,911.01,2025-11-15_23-16-00,47
33.25,911.02,2025-11-15_23-16-00,48
30.5,911.1,2025-11-15_23-17-01,0
30.55,911.0,2025-11-15_23-17-01,1
30.6,911.05,2025-11-15_23-17-01,2
30.66,911.05,2025-11-15_23-17-01,3
30.72,911.06,2025-11-15_23-17-01,4
30.79,911.09,2025-11-15_23-17-01,5
30.85,911.02,2025-11-15_23-17-01,6
30.92,911.03,2025-11-15_23-17-01,7
30.98,911.01,2025-11-15_23-17-01,8
31.05,911.06,2025-11-15_23-17-01,9
31.11,911.01,2025-11-15_23-17-01,10
31.18,911.0,2025-11-15_23-17-01,11
31.25,911.04,2025-11-15_23-17-01,12
31.31,910.97,2025-11-15_23-17-01,13
31.38,911.0,2025-11-15_23-17-01,14
31.44,910.99,2025-11-15_23-17-01,15
31.51,911.07,2025-11-15_23-17-01,16
31.57,911.02,2025-11-15_23-17-01,17
31.64,911.01,2025-11-15_23-17-01,18
31.7,910.99,2025-11-15_23-17-01,19
31.77,910.99,2025-11-15_23-17-01,20
31.83,911.03,2025-11-15_23-17-01,21
31.89,911.03,2025-11-15_23-17-01,22
31.96,911.01,2025-11-15_23-17-01,23
32.02,911.0,2025-11-15_23-17-01,24
32.08,911.02,2025-11-15_23-17-01,25
32.14,910.96,2025-11-15_23-17-01,26
32.2,910.97,2025-11-15_23-17-01,27
32.26,911.05,2025-11-15_23-17-01,28
32.32,911.05,2025-11-15_23-17-01,29
32.38,911.06,2025-11-15_23-17-01,30
32.44,911.03,2025-11-15_23-17-01,31
32.5,911.03,2025-11-15_23-17-01,32
32.56,911.06,2025-11-15_23-17-01,33
32.61,910.97,2025-11-15_23-17-01,34
32.67,910.99,2025-11-15_23-17-01,35
32.72,911.02,2025-11-15_23-17-01,36
32.78,911.02,2025-11-15_23-17-01,37
32.83,911.02,2025-11-15_23-17-01,38
32.88,910.97,2025-11-15_23-17-01,39
32.93,910.97,2025-11-15_23-17-01,40
32.97,911.0,2025-11-15_23-17-01,41
33.01,911.01,2025-11-15_23-17-01,42
33.05,911.0,2025-11-15_23-17-01,43
33.09,911.02,2025-11-15_23-17-01,44
33.13,911.02,2025-11-15_23-17-01,45
33.17,911.0,2025-11-15_23-17-01,46
33.21,911.01,2025-11-15_23-17-01,47
33.25,911.02,2025-11-15_23-17-01,48
30.5,911.1,2025-11-15_23-18-02,0
30.55,911.0,2025-11-15_23-18-02,1
30.6,911.05,2025-11-15_23-18-02,2
30.66,911.05,2025-11-15_23-18-02,3
30.72,911.06,2025-11-15_23-18-02,4
30.79,911.09,2025-11-15_23-18-02,5
30.85,911.02,2025-11-15_23-18-02,6
30.92,911.03,2025-11-15_23-18-02,7
30.98,911.01,2025-11-15_23-18-02,8
31.05,911.06,2025-11-15_23-18-02,9
31.11,911.01,2025-11-15_23-18-02,10
31.18,911.0,2025-11-15_23-18-02,11
31.25,911.04,2025-11-15_23-18-02,12
31.31,910.97,2025-11-15_23-18-02,13
31.38,911.0,2025-11-15_23-18-02,14
31.44,910.99,2025-11-15_23-18-02,15
31.51,911.07,2025-11-15_23-18-02,16
31.57,911.02,2025-11-15_23-18-02,17
31.64,911.01,2025-11-15_23-18-02,18
31.7,910.99,2025-11-15_23-18-02,19
31.77,910.99,2025-11-15_23-18-02,20
31.83,911.03,2025-11-15_23-18-02,21
31.89,911.03,2025-11-15_23-18-02,22
31.96,911.01,2025-11-15_23-18-02,23
32.02,911.0,2025-11-15_23-18-02,24
32.08,911.02,2025-11-15_23-18-02,25
32.14,910.96,2025-11-15_23-18-02,26
32.2,910.97,2025-11-15_23-18-02,27
32.26,911.05,2025-11-15_23-18-02,28
32.32,911.05,2025-11-15_23-18-02,29
32.38,911.06,2025-11-15_23-18-02,30
32.44,911.03,2025-11-15_23-18-02,31
32.5,911.03,2025-11-15_23-18-02,32
32.56,911.06,2025-11-15_23-18-02,33
32.61,910.97,2025-11-15_23-18-02,34
32.67,910.99,2025-11-15_23-18-02,35
32.72,911.02,2025-11-15_23-18-02,36
32.78,911.02,2025-11-15_23-18-02,37
32.83,911.02,2025-11-15_23-18-02,38
32.88,910.97,2025-11-15_23-18-02,39
32.93,910.97,2025-11-15_23-18-02,40
32.97,911.0,2025-11-15_23-18-02,41
33.01,911.01,2025-11-15_23-18-02,42
33.05,911.0,2025-11-15_23-18-02,43
33.09,911.02,2025-11-15_23-18-02,44
33.13,911.02,2025-11-15_23-18-02,45
33.17,911.0,2025-11-15_23-18-02,46
33.21,911.01,2025-11-15_23-18-02,47
33.25,911.02,2025-11-15_23-18-02,48
