ax,ay,az,gx,gy,gz,session,reading_index
498,-1949,26,-671,861,134,2025-11-12_20-01-19,0
802,-1759,-8,1881,-32,396,2025-11-12_20-01-19,1
896,-2275,-150,-2038,1734,-321,2025-11-12_20-01-19,2
433,-1940,-40,-362,279,93,2025-11-12_20-01-19,3
824,-1545,415,1280,222,163,2025-11-12_20-01-19,4
1026,-2032,-99,-1601,833,-480,2025-11-12_20-01-19,5
619,-1904,5,-604,253,83,2025-11-12_20-01-19,6
841,-1813,-43,3129,-74,138,2025-11-12_20-01-19,7
170,-2269,-274,-1228,1292,-294,2025-11-12_20-01-19,8
1732,-1826,-625,-631,-1190,500,2025-11-12_20-01-19,9
1010,-1260,-780,-167,2497,1365,2025-11-12_20-01-19,10
413,-1990,-55,-529,489,50,2025-11-12_20-01-19,11
913,-1695,141,2352,246,174,2025-11-12_20-01-19,12
795,-1924,-474,-1135,740,-168,2025-11-12_20-01-19,13
975,-1860,-280,-830,-554,339,2025-11-12_20-01-19,14
629,-1654,-971,1536,403,468,2025-11-12_20-01-19,15
656,-1823,84,-675,-17,163,2025-11-12_20-01-19,16
605,-1594,20,-421,-1034,358,2025-11-12_20-01-19,17
881,-1633,-717,92,1010,21,2025-11-12_20-01-19,18
477,-1954,79,-578,188,83,2025-11-12_20-01-19,19
488,-1545,257,-667,-800,336,2025-11-12_20-01-19,20
1105,-1938,-912,-42,1267,200,2025-11-12_20-01-19,21
354,-1961,147,-464,770,99,2025-11-12_20-01-19,22
829,-1358,566,189,496,-37,2025-11-12_20-01-19,23
1135,-1970,-171,-2268,1452,-201,2025-11-12_20-01-19,24
976,-2083,-164,-559,-599,342,2025-11-12_20-01-19,25
344,-1936,-1078,2948,-913,-102,2025-11-12_20-01-19,26
709,-1903,-425,-141,-476,80,2025-11-12_20-01-19,27
603,-1682,242,1410,283,611,2025-11-12_20-01-19,28
1512,-2235,-263,-2319,1967,-358,2025-11-12_20-01-19,29
1309,-1521,234,-226,-1254,352,2025-11-12_20-01-19,30
693,-1531,-1307,1148,287,106,2025-11-12_20-01-19,31
465,-1910,-13,-298,117,196,2025-11-12_20-01-19,32
498,-1546,425,-481,-735,203,2025-11-12_20-01-19,33
936,-2104,-818,-1821,2746,20,2025-11-12_20-01-19,34
667,-1869,-119,-495,463,137,2025-11-12_20-01-19,35
797,-1821,-68,2703,211,204,2025-11-12_20-01-19,36
894,-2319,24,-1593,749,-229,2025-11-12_20-01-19,37
183,-2020,-76,-796,195,130,2025-11-12_20-01-19,38
891,-1663,-849,3128,-187,381,2025-11-12_20-01-19,39
444,-2048,-172,-889,358,5,2025-11-12_20-01-19,40
502,-1995,-1098,-1202,-928,464,2025-11-12_20-01-19,41
696,-1741,-853,2662,-264,425,2025-11-12_20-01-19,42
482,-1908,-86,-927,452,-11,2025-11-12_20-01-19,43
1017,-2510,1161,-89,-898,-174,2025-11-12_20-01-19,44
761,-1924,-1562,-3257,6404,1286,2025-11-12_20-01-19,45
686,-1895,-179,-357,124,157,2025-11-12_20-01-19,46
900,-1840,-241,3220,-108,94,2025-11-12_20-01-19,47
896,-1955,-389,-1508,834,-190,2025-11-12_20-01-19,48
1113,-1812,-3,-495,-444,230,2025-11-12_20-01-19,49
860,-1713,-796,3360,123,419,2025-11-12_20-01-19,50
857,-1989,-165,-1510,574,-185,2025-11-12_20-01-19,51
624,-1866,-143,-744,572,-65,2025-11-12_20-01-19,52
815,-1628,-746,4082,-160,38,2025-11-12_20-01-19,53
852,-2518,-171,-1495,737,-414,2025-11-12_20-01-19,54
1036,-1973,71,-421,-476,406,2025-11-12_20-01-19,55
773,-1586,310,2089,1180,80,2025-11-12_20-01-19,56
-61,-2530,-89,-911,1544,-264,2025-11-12_20-01-19,57
46,-1893,-75,-662,-215,127,2025-11-12_20-01-19,58
347,-1952,-887,3052,-891,58,2025-11-12_20-01-19,59
579,-1890,-977,4,-247,-471,2025-11-12_20-02-21,0
804,-1863,-41,-267,-295,144,2025-11-12_20-02-21,1
887,-1649,376,2383,418,-237,2025-11-12_20-02-21,2
1024,-2003,58,-1830,476,-351,2025-11-12_20-02-21,3
840,-1851,-282,-410,-252,234,2025-11-12_20-02-21,4
851,-1396,633,2446,96,22,2025-11-12_20-02-21,5
753,-2281,93,-2526,2281,-199,2025-11-12_20-02-21,6
609,-1910,-68,-633,480,65,2025-11-12_20-02-21,7
780,-1476,532,1922,733,316,2025-11-12_20-02-21,8
1051,-2229,-51,-2438,2336,17,2025-11-12_20-02-21,9
719,-1852,-27,-555,209,154,2025-11-12_20-02-21,10
731,-1680,125,2661,360,145,2025-11-12_20-02-21,11
925,-2095,-248,-1725,649,-382,2025-11-12_20-02-21,12
710,-1960,-193,-268,-1019,420,2025-11-12_20-02-21,13
965,-1507,-803,895,2770,1402,2025-11-12_20-02-21,14
485,-1957,-355,-636,498,56,2025-11-12_20-02-21,15
560,-1412,827,297,-118,165,2025-11-12_20-02-21,16
576,-1980,-1023,-1958,3363,70,2025-11-12_20-02-21,17
624,-1894,-155,-599,630,29,2025-11-12_20-02-21,18
593,-1774,-168,3007,112,72,2025-11-12_20-02-21,19
564,-2463,-300,-1283,132,-194,2025-11-12_20-02-21,20
97,-1953,-99,-785,465,155,2025-11-12_20-02-21,21
721,-1941,-467,3635,-230,-7,2025-11-12_20-02-21,22
968,-1967,-280,-1483,796,-14,2025-11-12_20-02-21,23
464,-1896,-62,-828,922,-112,2025-11-12_20-02-21,24
868,-1834,-388,3232,-40,96,2025-11-12_20-02-21,25
714,-1909,2,-1718,961,-92,2025-11-12_20-02-21,26
280,-1869,-345,-845,290,89,2025-11-12_20-02-21,27
556,-1972,-548,3101,245,55,2025-11-12_20-02-21,28
429,-1975,-157,-565,1139,184,2025-11-12_20-02-21,29
803,-1505,524,-998,-266,26,2025-11-12_20-02-21,30
1219,-1856,-397,-2283,2648,102,2025-11-12_20-02-21,31
308,-1998,86,-445,700,68,2025-11-12_20-02-21,32
1176,-1584,-481,2992,773,-11,2025-11-12_20-02-21,33
765,-2041,-112,-1044,336,-91,2025-11-12_20-02-21,34
421,-2435,-1395,-1252,584,141,2025-11-12_20-02-21,35
870,-1779,-943,2415,60,485,2025-11-12_20-02-21,36
766,-1971,-395,-749,61,170,2025-11-12_20-02-21,37
899,-1428,-109,-1144,-971,634,2025-11-12_20-02-21,38
857,-1298,-1302,1466,469,881,2025-11-12_20-02-21,39
542,-1888,57,-600,-58,183,2025-11-12_20-02-21,40
3336,-3105,2074,97,-2001,35,2025-11-12_20-02-21,41
901,-1493,-881,869,1498,572,2025-11-12_20-02-21,42
598,-1881,-222,-610,-168,150,2025-11-12_20-02-21,43
2215,-2390,2050,3,-1608,-244,2025-11-12_20-02-21,44
705,-1946,-670,2332,632,360,2025-11-12_20-02-21,45
432,-1953,-237,-717,944,248,2025-11-12_20-02-21,46
436,-1632,653,845,1352,-257,2025-11-12_20-02-21,47
1106,-1864,277,-2417,1789,47,2025-11-12_20-02-21,48
621,-1961,-328,-623,-231,338,2025-11-12_20-02-21,49
1070,-1732,247,3065,960,-107,2025-11-12_20-02-21,50
1153,-2228,509,-2933,1552,-143,2025-11-12_20-02-21,51
669,-1865,17,-556,138,183,2025-11-12_20-02-21,52
513,-1479,707,1109,-318,371,2025-11-12_20-02-21,53
714,-1907,-1648,-370,1226,340,2025-11-12_20-02-21,54
483,-1931,-125,-510,188,149,2025-11-12_20-02-21,55
1120,-2743,1371,-489,-959,-252,2025-11-12_20-02-21,56
538,-1907,-26,-401,338,166,2025-11-12_20-03-22,0
909,-1742,340,2573,1668,-248,2025-11-12_20-03-22,1
709,-1947,-448,-1437,1091,-97,2025-11-12_20-03-22,2
275,-2007,-380,-1085,737,129,2025-11-12_20-03-22,3
842,-1383,-980,1432,1441,1363,2025-11-12_20-03-22,4
595,-1880,-131,-846,652,100,2025-11-12_20-03-22,5
1586,-1520,-926,-1305,51,1334,2025-11-12_20-03-22,6
351,-1816,-1448,1990,-450,-175,2025-11-12_20-03-22,7
728,-1846,-134,-490,-233,170,2025-11-12_20-03-22,8
108,-1339,-21,-2104,-714,370,2025-11-12_20-03-22,9
645,-1308,-1335,2105,106,752,2025-11-12_20-03-22,10
380,-1995,21,-1031,348,36,2025-11-12_20-03-22,11
368,-2049,-250,-1064,1547,-172,2025-11-12_20-03-22,12
696,-1727,-654,3571,-687,47,2025-11-12_20-03-22,13
1140,-2312,823,-2162,479,-318,2025-11-12_20-03-22,14
656,-1913,2,-587,262,120,2025-11-12_20-03-22,15
441,-1349,1077,582,-332,392,2025-11-12_20-03-22,16
1075,-1963,-1111,-730,579,340,2025-11-12_20-03-22,17
580,-1857,362,-523,1227,142,2025-11-12_20-03-22,18
691,-1433,632,1193,983,-93,2025-11-12_20-03-22,19
896,-1973,252,-1774,674,-261,2025-11-12_20-03-22,20
872,-1860,-98,-466,26,180,2025-11-12_20-03-22,21
711,-1150,1074,1549,-652,370,2025-11-12_20-03-22,22
587,-2276,-1040,-1252,3089,19,2025-11-12_20-03-22,23
466,-1977,-156,-596,255,177,2025-11-12_20-03-22,24
602,-1586,126,-983,-1312,326,2025-11-12_20-03-22,25
1184,-1850,-1403,-693,971,206,2025-11-12_20-03-22,26
695,-1916,-230,-630,188,166,2025-11-12_20-03-22,27
1686,-3734,1190,133,-373,-310,2025-11-12_20-03-22,28
888,-1351,-1412,1408,633,956,2025-11-12_20-03-22,29
522,-1976,-272,-527,-161,131,2025-11-12_20-03-22,30
2153,-3180,1316,183,-849,-395,2025-11-12_20-03-22,31
1411,-1718,-1268,-1261,1935,1047,2025-11-12_20-03-22,32
432,-1951,60,-437,289,191,2025-11-12_20-03-22,33
841,-1480,761,2288,401,38,2025-11-12_20-03-22,34
394,-2452,-180,-1039,1022,-133,2025-11-12_20-03-22,35
-114,-2165,-333,-990,1215,109,2025-11-12_20-03-22,36
664,-1511,-962,3131,204,713,2025-11-12_20-03-22,37
660,-1879,20,-835,202,-138,2025-11-12_20-03-22,38
2073,-1429,-463,-1203,66,496,2025-11-12_20-03-22,39
731,-1387,-1424,2479,179,844,2025-11-12_20-03-22,40
606,-1917,42,-1171,435,49,2025-11-12_20-03-22,41
679,-1823,-337,-763,137,139,2025-11-12_20-03-22,42
759,-1715,-44,3587,-416,-65,2025-11-12_20-03-22,43
1473,-2536,666,-3339,2304,27,2025-11-12_20-03-22,44
542,-1920,-84,-551,292,131,2025-11-12_20-03-22,45
443,-1434,528,-279,-1057,232,2025-11-12_20-03-22,46
728,-1436,-1290,623,936,495,2025-11-12_20-03-22,47
611,-1909,-74,-562,31,139,2025-11-12_20-03-22,48
455,-2279,400,-1684,-5,-92,2025-11-12_20-03-22,49
537,-1355,-1378,-2007,3408,1477,2025-11-12_20-03-22,50
614,-1908,-72,-370,-54,189,2025-11-12_20-03-22,51
746,-1418,882,1137,501,399,2025-11-12_20-03-22,52
1025,-2004,-1200,-1741,3434,182,2025-11-12_20-03-22,53
662,-1937,-132,-511,438,193,2025-11-12_20-03-22,54
2603,-3106,1005,-581,-2278,248,2025-11-12_20-03-22,55
649,-1597,-1251,2795,-97,614,2025-11-12_20-03-22,56
534,-1488,348,-1541,-220,193,2025-11-12_20-04-23,0
1135,-1575,-1222,-589,1888,1342,2025-11-12_20-04-23,1
564,-1803,124,-472,164,-4,2025-11-12_20-04-23,2
495,-1862,-690,-1643,-168,652,2025-11-12_20-04-23,3
150,-1565,-1583,3002,-1279,-342,2025-11-12_20-04-23,4
501,-1841,291,-276,-314,160,2025-11-12_20-04-23,5
800,-2422,1114,561,-4109,1139,2025-11-12_20-04-23,6
592,-1451,-1558,1287,359,51,2025-11-12_20-04-23,7
701,-1842,-137,-555,-154,100,2025-11-12_20-04-23,8
666,-1808,-910,-940,-597,294,2025-11-12_20-04-23,9
595,-1713,-600,3157,192,162,2025-11-12_20-04-23,10
1182,-1993,860,-2476,568,-392,2025-11-12_20-04-23,11
609,-1882,-8,-504,138,187,2025-11-12_20-04-23,12
1545,-2827,625,-1309,-1171,103,2025-11-12_20-04-23,13
772,-1160,-1316,2676,598,1083,2025-11-12_20-04-23,14
607,-1942,-70,-1191,397,10,2025-11-12_20-04-23,15
442,-2230,-866,-1272,-363,540,2025-11-12_20-04-23,16
671,-1845,-955,3693,302,616,2025-11-12_20-04-23,17
632,-1994,-182,-1631,805,-137,2025-11-12_20-04-23,18
77,-2197,-120,-560,-758,341,2025-11-12_20-04-23,19
1188,-1608,-539,1269,1634,755,2025-11-12_20-04-23,20
702,-1858,-103,-832,517,110,2025-11-12_20-04-23,21
943,-1197,-143,-1382,339,722,2025-11-12_20-04-23,22
793,-1817,-865,2827,218,476,2025-11-12_20-04-23,23
606,-2121,-127,-1167,584,2,2025-11-12_20-04-23,24
1093,-1890,-266,-661,-302,43,2025-11-12_20-04-23,25
1048,-1687,-285,3670,-277,-197,2025-11-12_20-04-23,26
1241,-2000,528,-2193,259,-410,2025-11-12_20-04-23,27
694,-1904,-167,-407,-176,167,2025-11-12_20-04-23,28
608,-1291,767,153,-1014,202,2025-11-12_20-04-23,29
1362,-2079,-1327,-813,1101,314,2025-11-12_20-04-23,30
433,-1963,54,-312,-436,187,2025-11-12_20-04-23,31
827,-2556,1358,-1006,467,83,2025-11-12_20-04-23,32
991,-1287,-1372,90,1785,1262,2025-11-12_20-04-23,33
438,-1965,-17,-409,699,109,2025-11-12_20-04-23,34
909,-1218,952,1069,577,63,2025-11-12_20-04-23,35
1657,-2152,312,-2692,1748,196,2025-11-12_20-04-23,36
492,-1951,-153,-333,-107,179,2025-11-12_20-04-23,37
638,-1906,347,3153,1780,-536,2025-11-12_20-04-23,38
1002,-2223,209,-1694,364,-359,2025-11-12_20-04-23,39
587,-1857,-224,-487,-897,302,2025-11-12_20-04-23,40
924,-1763,-326,3856,-473,-124,2025-11-12_20-04-23,41
1046,-2359,804,-3177,1289,-337,2025-11-12_20-04-23,42
574,-1902,-103,-395,24,118,2025-11-12_20-04-23,43
2786,-3803,1185,32,-934,-410,2025-11-12_20-04-23,44
633,-1473,-1275,2127,640,1009,2025-11-12_20-04-23,45
408,-1918,157,-1004,431,84,2025-11-12_20-04-23,46
935,-1963,-571,-1010,-518,375,2025-11-12_20-04-23,47
609,-1778,-836,4117,-160,74,2025-11-12_20-04-23,48
518,-2164,-224,-1566,977,-156,2025-11-12_20-04-23,49
553,-1982,-160,-588,94,228,2025-11-12_20-04-23,50
904,-1723,-374,2383,1369,194,2025-11-12_20-04-23,51
495,-2056,25,-1150,385,-8,2025-11-12_20-04-23,52
1209,-1819,-302,-638,-26,89,2025-11-12_20-04-23,53
917,-1884,-255,4158,-404,-292,2025-11-12_20-04-23,54
409,-2024,-1157,-871,2284,-94,2025-11-12_20-04-23,55
631,-1880,-175,-507,-131,146,2025-11-12_20-04-23,56
901,-2445,-278,-3156,3822,195,2025-11-12_20-05-24,0
584,-1890,-117,-606,283,107,2025-11-12_20-05-24,1
497,-1658,150,-1559,-621,133,2025-11-12_20-05-24,2
1667,-1358,-1189,-832,2029,1772,2025-11-12_20-05-24,3
296,-1926,116,-471,580,108,2025-11-12_20-05-24,4
-130,-2254,-81,-1660,53,421,2025-11-12_20-05-24,5
1144,-1456,-1115,-270,1654,1206,2025-11-12_20-05-24,6
533,-1882,-117,-566,463,184,2025-11-12_20-05-24,7
513,-1426,-206,-895,-1240,466,2025-11-12_20-05-24,8
295,-1842,-1516,1718,-191,-201,2025-11-12_20-05-24,9
720,-1889,-361,-537,-32,218,2025-11-12_20-05-24,10
735,-1407,-537,-1391,-564,704,2025-11-12_20-05-24,11
817,-1397,-1269,2784,665,970,2025-11-12_20-05-24,12
551,-2052,-488,-1173,898,-14,2025-11-12_20-05-24,13
231,-1944,-94,-905,1248,-101,2025-11-12_20-05-24,14
940,-1977,-45,4141,482,-159,2025-11-12_20-05-24,15
1258,-2283,503,-2551,476,-200,2025-11-12_20-05-24,16
668,-1905,-95,-444,127,158,2025-11-12_20-05-24,17
249,-1220,1155,3,172,298,2025-11-12_20-05-24,18
495,-2120,-1273,-1192,3181,302,2025-11-12_20-05-24,19
533,-1959,-180,-601,1209,172,2025-11-12_20-05-24,20
932,-1802,16,2193,1777,1,2025-11-12_20-05-24,21
509,-1900,-10,-1063,685,-97,2025-11-12_20-05-24,22
856,-1979,-611,-864,-782,620,2025-11-12_20-05-24,23
696,-1445,-909,3708,-306,619,2025-11-12_20-05-24,24
712,-1955,-139,-1310,672,5,2025-11-12_20-05-24,25
210,-1893,-18,-576,41,-7,2025-11-12_20-05-24,26
937,-1695,86,3089,469,-20,2025-11-12_20-05-24,27
1169,-2170,399,-2652,1218,-95,2025-11-12_20-05-24,28
838,-1803,-52,-474,160,134,2025-11-12_20-05-24,29
534,-1256,877,639,-633,253,2025-11-12_20-05-24,30
1162,-1970,-1354,-637,506,361,2025-11-12_20-05-24,31
376,-1915,-30,-479,238,267,2025-11-12_20-05-24,32
1008,-1647,265,-1716,-687,115,2025-11-12_20-05-24,33
808,-1293,-1539,848,934,662,2025-11-12_20-05-24,34
728,-1833,64,-307,-561,166,2025-11-12_20-05-24,35
351,-1687,91,-125,-1813,1033,2025-11-12_20-05-24,36
963,-2288,-211,-2201,2207,-147,2025-11-12_20-05-24,37
604,-1935,6,-246,36,130,2025-11-12_20-05-24,38
615,-1889,223,3226,-306,155,2025-11-12_20-05-24,39
1056,-2174,533,-1982,464,-379,2025-11-12_20-05-24,40
720,-1925,-10,-556,189,93,2025-11-12_20-05-24,41
686,-1663,390,2645,-80,63,2025-11-12_20-05-24,42
1051,-2548,312,-3083,2803,7,2025-11-12_20-05-24,43
589,-1927,-94,-364,-37,216,2025-11-12_20-05-24,44
485,-1648,266,-1002,-1131,251,2025-11-12_20-05-24,45
973,-1160,-1310,739,1329,1189,2025-11-12_20-05-24,46
689,-1897,-339,-739,68,194,2025-11-12_20-05-24,47
287,-2113,-1105,-1461,2587,-193,2025-11-12_20-05-24,48
420,-1422,-1198,3399,-418,463,2025-11-12_20-05-24,49
900,-2540,-120,-1550,385,-257,2025-11-12_20-05-24,50
809,-1934,-14,-485,-789,476,2025-11-12_20-05-24,51
1508,-1520,-608,2967,1860,-235,2025-11-12_20-05-24,52
319,-1943,-19,-1030,2316,49,2025-11-12_20-05-24,53
1376,-2455,976,-584,-1394,-47,2025-11-12_20-05-24,54
755,-1360,-1400,690,1287,511,2025-11-12_20-05-24,55
713,-1929,-122,-757,170,138,2025-11-12_20-05-24,56
517,-1931,96,-435,275,166,2025-11-13_00-07-20,0
609,-1464,608,919,-322,288,2025-11-13_00-07-20,1
1220,-1917,-108,-1902,1063,-85,2025-11-13_00-07-20,2
547,-1938,-139,-531,235,104,2025-11-13_00-07-20,3
1048,-1722,-218,1585,1711,458,2025-11-13_00-07-20,4
554,-1952,-213,-664,960,88,2025-11-13_00-07-20,5
847,-1337,706,221,324,-124,2025-11-13_00-07-20,6
1296,-2160,180,-2101,1219,-66,2025-11-13_00-07-20,7
1052,-1851,-30,-363,-398,163,2025-11-13_00-07-20,8
944,-1825,-280,2814,214,160,2025-11-13_00-07-20,9
706,-2146,-434,-1361,737,-152,2025-11-13_00-07-20,10
1029,-1828,-211,-603,-526,319,2025-11-13_00-07-20,11
640,-1330,-1364,1477,832,669,2025-11-13_00-07-20,12
657,-1901,-329,-470,-259,146,2025-11-13_00-07-20,13
536,-1661,349,-316,707,405,2025-11-13_00-07-20,14
1482,-1913,-451,-2590,2967,332,2025-11-13_00-07-20,15
577,-1963,-201,-664,461,183,2025-11-13_00-07-20,16
967,-1677,-298,2113,1533,191,2025-11-13_00-07-20,17
718,-1831,-211,-858,501,-7,2025-11-13_00-07-20,18
821,-1855,-434,-1285,211,720,2025-11-13_00-07-20,19
304,-1368,-1170,1024,588,19,2025-11-13_00-07-20,20
557,-1981,-202,-458,125,37,2025-11-13_00-07-20,21
1049,-1462,511,1803,468,194,2025-11-13_00-07-20,22
1163,-2219,77,-1854,658,-125,2025-11-13_00-07-20,23
48,-2045,-176,-767,-160,235,2025-11-13_00-07-20,24
966,-1563,-768,3168,374,6,2025-11-13_00-07-20,25
561,-1918,-288,-876,338,79,2025-11-13_00-07-20,26
240,-1797,203,-1264,-388,111,2025-11-13_00-07-20,27
1102,-1399,-1340,-1669,2184,1017,2025-11-13_00-07-20,28
485,-1928,157,-672,745,79,2025-11-13_00-07-20,29
1139,-1668,-274,2343,1180,-96,2025-11-13_00-07-20,30
715,-2038,-5,-1289,632,33,2025-11-13_00-07-20,31
329,-2843,-917,-1012,-10,245,2025-11-13_00-07-20,32
712,-1377,-1189,1783,-240,184,2025-11-13_00-07-20,33
717,-1885,-411,-707,160,128,2025-11-13_00-07-20,34
821,-1755,95,-439,-1682,8,2025-11-13_00-07-20,35
871,-1207,-1248,-535,352,56,2025-11-13_00-07-20,36
682,-1893,-44,-551,39,173,2025-11-13_00-07-20,37
761,-1583,462,1560,1278,179,2025-11-13_00-07-20,38
680,-1852,-166,-1295,1166,84,2025-11-13_00-07-20,39
618,-2042,-326,-697,-223,-130,2025-11-13_00-07-20,40
768,-1607,-1017,462,1877,1006,2025-11-13_00-07-20,41
653,-1882,-169,-689,228,189,2025-11-13_00-07-20,42
413,-1534,527,139,-1655,305,2025-11-13_00-07-20,43
801,-2429,-330,-2034,1630,-165,2025-11-13_00-07-20,44
772,-1847,-307,-311,-296,295,2025-11-13_00-07-20,45
925,-1888,-89,3053,1104,35,2025-11-13_00-07-20,46
836,-1885,-262,-1340,841,-89,2025-11-13_00-07-20,47
353,-1917,-155,-772,277,-13,2025-11-13_00-07-20,48
771,-1496,-1158,1505,520,746,2025-11-13_00-07-20,49
613,-1836,85,-598,312,192,2025-11-13_00-07-20,50
645,-1210,1080,351,2099,-135,2025-11-13_00-07-20,51
707,-1918,-486,-1433,1516,130,2025-11-13_00-07-20,52
980,-1573,-160,-1367,206,608,2025-11-13_00-07-20,53
928,-1319,-1368,-572,-121,-40,2025-11-13_00-07-20,54
583,-1920,-96,-659,387,56,2025-11-13_00-07-20,55
783,-1752,116,2968,934,256,2025-11-13_00-07-20,56
1356,-2021,3,-2014,522,-74,2025-11-13_00-07-20,57
396,-1929,54,-508,-782,347,2025-11-13_00-07-20,58
898,-1424,-1143,2413,343,546,2025-11-13_00-07-20,59
542,-1950,-316,-471,472,72,2025-11-13_00-08-23,0
930,-1512,544,2227,703,-136,2025-11-13_00-08-23,1
676,-1974,-215,-1202,309,-183,2025-11-13_00-08-23,2
565,-1408,-73,-1528,-1989,684,2025-11-13_00-08-23,3
723,-1690,-597,-1603,562,-73,2025-11-13_00-08-23,4
900,-1883,-301,-353,-219,230,2025-11-13_00-08-23,5
880,-1793,-912,2172,383,536,2025-11-13_00-08-23,6
768,-1854,-22,-541,-318,172,2025-11-13_00-08-23,7
544,-1423,584,72,371,151,2025-11-13_00-08-23,8
1079,-2000,-745,-2625,2761,224,2025-11-13_00-08-23,9
1291,-1805,-227,-1009,701,271,2025-11-13_00-08-23,10
1094,-1453,-1511,-2070,1727,808,2025-11-13_00-08-23,11
888,-1864,112,-344,-885,332,2025-11-13_00-08-23,12
913,-1551,-930,2130,585,375,2025-11-13_00-08-23,13
599,-1865,-148,-529,-103,136,2025-11-13_00-08-23,14
918,-1837,-10,2836,845,164,2025-11-13_00-08-23,15
1112,-1861,-63,-1523,526,-243,2025-11-13_00-08-23,16
881,-1764,-1058,-1193,38,538,2025-11-13_00-08-23,17
830,-1473,-1192,-651,398,43,2025-11-13_00-08-23,18
769,-1838,60,-617,519,203,2025-11-13_00-08-23,19
1141,-1832,-587,2823,185,82,2025-11-13_00-08-23,20
599,-1930,-108,-554,516,263,2025-11-13_00-08-23,21
1114,-1717,-505,1882,1847,551,2025-11-13_00-08-23,22
595,-1934,-386,-944,947,78,2025-11-13_00-08-23,23
682,-1442,394,-428,-683,104,2025-11-13_00-08-23,24
825,-1683,-683,-2075,1561,-44,2025-11-13_00-08-23,25
714,-1722,-257,-494,-138,20,2025-11-13_00-08-23,26
842,-1231,-1316,1304,553,498,2025-11-13_00-08-23,27
595,-1911,-251,-546,-101,83,2025-11-13_00-08-23,28
855,-1608,158,2528,550,-57,2025-11-13_00-08-23,29
738,-1985,-423,-1142,530,-68,2025-11-13_00-08-23,30
870,-1312,310,-1108,-2206,139,2025-11-13_00-08-23,31
1088,-1684,-823,-1923,1847,177,2025-11-13_00-08-23,32
1343,-1589,-214,-945,883,346,2025-11-13_00-08-23,33
636,-1836,-1295,-2825,4795,885,2025-11-13_00-08-23,34
820,-1909,-90,-465,-168,165,2025-11-13_00-08-23,35
795,-1615,-941,3727,-292,102,2025-11-13_00-08-23,36
771,-1810,-73,-1056,81,-50,2025-11-13_00-08-23,37
1910,-1296,-162,-1499,-250,521,2025-11-13_00-08-23,38
735,-1502,-1051,1975,44,564,2025-11-13_00-08-23,39
531,-1876,157,-806,315,79,2025-11-13_00-08-23,40
796,-1695,230,2545,1158,134,2025-11-13_00-08-23,41
876,-2001,-375,-1300,754,-57,2025-11-13_00-08-23,42
1281,-1570,1022,-782,-677,28,2025-11-13_00-08-23,43
1014,-1692,-284,-1696,1405,46,2025-11-13_00-08-23,44
-214,-2006,-119,-999,-819,359,2025-11-13_00-08-23,45
1087,-1908,-486,-2370,2634,369,2025-11-13_00-08-23,46
329,-2002,3,-651,-363,359,2025-11-13_00-08-23,47
968,-1407,-1072,946,726,406,2025-11-13_00-08-23,48
841,-1812,-166,-317,200,158,2025-11-13_00-08-23,49
739,-1778,-470,3260,172,-138,2025-11-13_00-08-23,50
711,-1959,-175,-683,128,-89,2025-11-13_00-08-23,51
794,-1612,53,-996,-886,300,2025-11-13_00-08-23,52
1226,-2065,-411,-2169,2025,-57,2025-11-13_00-08-23,53
1080,-1702,-91,-699,443,135,2025-11-13_00-08-23,54
986,-1193,-1477,-490,433,258,2025-11-13_00-08-23,55
757,-1875,-50,-418,-43,223,2025-11-13_00-08-23,56
798,-1620,-1012,1963,-40,431,2025-11-13_00-09-24,0
490,-1961,-256,-494,192,98,2025-11-13_00-09-24,1
909,-1823,-401,3273,178,-78,2025-11-13_00-09-24,2
777,-1897,-163,-583,-64,22,2025-11-13_00-09-24,3
604,-1558,-7,-961,-498,339,2025-11-13_00-09-24,4
1089,-1982,-217,-1481,316,-145,2025-11-13_00-09-24,5
932,-1788,57,-842,-11,256,2025-11-13_00-09-24,6
942,-1428,-1021,606,1024,446,2025-11-13_00-09-24,7
663,-1893,-205,-543,324,59,2025-11-13_00-09-24,8
1256,-1038,-1256,-384,1164,908,2025-11-13_00-09-24,9
483,-1952,-15,-454,364,258,2025-11-13_00-09-24,10
1404,-1601,-775,1412,1395,983,2025-11-13_00-09-24,11
691,-1853,-54,-508,-14,203,2025-11-13_00-09-24,12
726,-1525,436,1719,256,111,2025-11-13_00-09-24,13
765,-1974,-288,-1021,120,-277,2025-11-13_00-09-24,14
2055,-1129,-786,-1108,-694,760,2025-11-13_00-09-24,15
817,-1839,-1257,-1196,1057,-130,2025-11-13_00-09-24,16
718,-1888,189,-475,-328,256,2025-11-13_00-09-24,17
1024,-1224,-1218,1856,97,588,2025-11-13_00-09-24,18
672,-1877,-126,-508,-202,197,2025-11-13_00-09-24,19
869,-1360,683,1446,-70,26,2025-11-13_00-09-24,20
489,-2451,-179,-1045,694,-286,2025-11-13_00-09-24,21
1111,-1847,-656,-1024,-383,395,2025-11-13_00-09-24,22
764,-1702,-1228,-2403,2569,375,2025-11-13_00-09-24,23
728,-1892,-25,-261,-383,261,2025-11-13_00-09-24,24
906,-1156,-1190,1912,711,749,2025-11-13_00-09-24,25
704,-1864,-294,-535,-134,174,2025-11-13_00-09-24,26
751,-1888,232,2842,725,124,2025-11-13_00-09-24,27
767,-1917,-437,-1000,458,-94,2025-11-13_00-09-24,28
499,-2103,-887,-1268,992,101,2025-11-13_00-09-24,29
815,-1254,-1119,-12,830,534,2025-11-13_00-09-24,30
801,-1888,-52,-443,201,210,2025-11-13_00-09-24,31
911,-1622,-650,3025,941,204,2025-11-13_00-09-24,32
378,-1959,37,-808,584,113,2025-11-13_00-09-24,33
686,-1584,282,-694,292,-155,2025-11-13_00-09-24,34
683,-1986,-364,-1235,1067,68,2025-11-13_00-09-24,35
1210,-2232,777,-495,-137,-53,2025-11-13_00-09-24,36
1050,-2099,-194,-1959,1357,-28,2025-11-13_00-09-24,37
456,-2017,21,-631,-124,281,2025-11-13_00-09-24,38
481,-1344,-1347,1671,478,61,2025-11-13_00-09-24,39
611,-1924,-84,-353,-189,196,2025-11-13_00-09-24,40
320,-1564,1000,445,792,470,2025-11-13_00-09-24,41
1088,-2055,-584,-3290,2616,387,2025-11-13_00-09-24,42
420,-1965,-78,-704,-57,370,2025-11-13_00-09-24,43
852,-1371,-1142,2311,374,561,2025-11-13_00-09-24,44
666,-1939,-466,-420,17,144,2025-11-13_00-09-24,45
880,-1970,44,3076,410,112,2025-11-13_00-09-24,46
1043,-1812,-371,-471,-303,-154,2025-11-13_00-09-24,47
438,-1577,4,574,-2878,962,2025-11-13_00-09-24,48
986,-2115,223,-1854,363,-443,2025-11-13_00-09-24,49
1354,-1704,126,-309,-872,385,2025-11-13_00-09-24,50
814,-1658,-685,2797,537,42,2025-11-13_00-09-24,51
601,-1808,96,-462,-386,177,2025-11-13_00-09-24,52
529,-1542,163,-633,-1759,330,2025-11-13_00-09-24,53
979,-2170,-345,-3082,2095,284,2025-11-13_00-09-24,54
726,-1883,-85,-557,80,62,2025-11-13_00-09-24,55
977,-1945,15,3070,1369,-68,2025-11-13_00-09-24,56
1340,-1676,-601,-2811,2952,341,2025-11-13_00-10-25,0
430,-1951,182,-661,127,149,2025-11-13_00-10-25,1
733,-1752,-700,3271,363,-137,2025-11-13_00-10-25,2
832,-1794,-15,-853,-115,31,2025-11-13_00-10-25,3
3873,-3235,790,364,-2431,348,2025-11-13_00-10-25,4
732,-1534,-1204,-326,377,451,2025-11-13_00-10-25,5
565,-1930,-205,-520,-125,83,2025-11-13_00-10-25,6
585,-1383,256,-526,-1077,48,2025-11-13_00-10-25,7
671,-2289,-790,-2467,2258,235,2025-11-13_00-10-25,8
632,-1907,68,-401,197,115,2025-11-13_00-10-25,9
937,-1715,-338,2457,1565,-359,2025-11-13_00-10-25,10
561,-1926,-528,-689,518,24,2025-11-13_00-10-25,11
-86,-2310,441,-1827,103,675,2025-11-13_00-10-25,12
1027,-1783,-1383,-456,-319,-202,2025-11-13_00-10-25,13
852,-1815,-47,-505,107,236,2025-11-13_00-10-25,14
795,-1616,424,2890,617,-79,2025-11-13_00-10-25,15
1416,-1860,471,-2071,618,-138,2025-11-13_00-10-25,16
598,-1949,-269,-305,-1193,483,2025-11-13_00-10-25,17
968,-1906,-671,3940,607,21,2025-11-13_00-10-25,18
602,-1935,-389,-520,137,186,2025-11-13_00-10-25,19
710,-1466,550,-940,921,-17,2025-11-13_00-10-25,20
820,-1880,-581,-1333,1196,-43,2025-11-13_00-10-25,21
368,-1930,-19,-840,-674,-123,2025-11-13_00-10-25,22
874,-1736,-1346,-1863,3277,401,2025-11-13_00-10-25,23
612,-1869,84,-699,428,112,2025-11-13_00-10-25,24
580,-1826,-880,4151,-1611,-351,2025-11-13_00-10-25,25
706,-1854,-246,-481,-66,81,2025-11-13_00-10-25,26
564,-1677,-198,-773,-1872,574,2025-11-13_00-10-25,27
1088,-2162,268,-2287,767,-170,2025-11-13_00-10-25,28
976,-1870,-150,-221,-1370,326,2025-11-13_00-10-25,29
1360,-1712,-598,3873,416,-176,2025-11-13_00-10-25,30
555,-1955,-230,-674,334,128,2025-11-13_00-10-25,31
735,-1541,-88,-1212,-502,111,2025-11-13_00-10-25,32
926,-1612,-134,-1740,1324,-117,2025-11-13_00-10-25,33
940,-1632,-24,-1056,831,118,2025-11-13_00-10-25,34
1000,-1477,-1361,-1065,572,558,2025-11-13_00-10-25,35
614,-1893,73,-384,451,97,2025-11-13_00-10-25,36
1046,-1790,-298,3535,167,-188,2025-11-13_00-10-25,37
633,-2046,-182,-1009,409,-63,2025-11-13_00-10-25,38
-41,-2535,-1375,-1218,1317,267,2025-11-13_00-10-25,39
885,-1293,-1369,-619,-116,-9,2025-11-13_00-10-25,40
925,-1783,-60,-160,-369,230,2025-11-13_00-10-25,41
1103,-1810,184,3419,794,-104,2025-11-13_00-10-25,42
372,-2058,-205,-563,672,147,2025-11-13_00-10-25,43
3728,-3130,1349,146,-1673,334,2025-11-13_00-10-25,44
765,-1806,-87,-1631,1151,-130,2025-11-13_00-10-25,45
898,-1726,-218,-906,921,-124,2025-11-13_00-10-25,46
651,-1652,-1584,-1656,2155,494,2025-11-13_00-10-25,47
825,-1857,-31,-387,261,159,2025-11-13_00-10-25,48
785,-1825,-511,3261,401,-129,2025-11-13_00-10-25,49
777,-1841,-169,-373,-87,35,2025-11-13_00-10-25,50
513,-1358,928,1261,223,427,2025-11-13_00-10-25,51
808,-1914,-439,-1042,504,-5,2025-11-13_00-10-25,52
704,-1657,-6,-1489,453,286,2025-11-13_00-10-25,53
1153,-1669,-1194,-2037,2398,198,2025-11-13_00-10-25,54
437,-1930,-180,-550,-469,374,2025-11-13_00-10-25,55
815,-1163,-1303,2326,755,800,2025-11-13_00-10-25,56
450,-1953,21,-653,336,149,2025-11-13_00-11-25,0
959,-1904,-29,3853,1138,-171,2025-11-13_00-11-25,1
732,-1996,-343,-1334,255,-142,2025-11-13_00-11-25,2
1021,-1821,-145,-841,-254,367,2025-11-13_00-11-25,3
828,-1238,-1301,2490,301,884,2025-11-13_00-11-25,4
583,-1837,91,-346,-388,178,2025-11-13_00-11-25,5
4168,-4147,2155,914,-3826,449,2025-11-13_00-11-25,6
924,-1940,-1042,-1657,3013,372,2025-11-13_00-11-25,7
688,-1885,-347,-644,285,72,2025-11-13_00-11-25,8
1215,-1515,-891,1899,1779,1360,2025-11-13_00-11-25,9
605,-1889,-263,-930,956,29,2025-11-13_00-11-25,10
662,-1498,817,2310,739,204,2025-11-13_00-11-25,11
514,-2544,-392,-911,420,-235,2025-11-13_00-11-25,12
1163,-1750,-104,-482,-392,348,2025-11-13_00-11-25,13
619,-1461,-1398,3185,-125,218,2025-11-13_00-11-25,14
596,-1887,-339,-455,-268,207,2025-11-13_00-11-25,15
860,-2448,1041,13,-2568,348,2025-11-13_00-11-25,16
858,-1726,-1517,-1171,1475,559,2025-11-13_00-11-25,17
663,-1832,93,-474,558,255,2025-11-13_00-11-25,18
646,-1239,952,860,718,3,2025-11-13_00-11-25,19
1280,-1904,-323,-2312,2257,173,2025-11-13_00-11-25,20
687,-1960,-198,-449,218,125,2025-11-13_00-11-25,21
984,-1935,-293,4180,785,-302,2025-11-13_00-11-25,22
1129,-1971,-358,-1510,395,-143,2025-11-13_00-11-25,23
717,-2041,-269,-475,-1562,493,2025-11-13_00-11-25,24
907,-1482,-785,4003,821,17,2025-11-13_00-11-25,25
844,-1986,-240,-1495,737,-107,2025-11-13_00-11-25,26
553,-1936,-147,-908,620,-74,2025-11-13_00-11-25,27
850,-1497,-951,4076,1021,504,2025-11-13_00-11-25,28
534,-2026,-473,-1002,1396,123,2025-11-13_00-11-25,29
345,-3374,994,-1071,1364,-213,2025-11-13_00-11-25,30
343,-1397,-1764,-1827,2851,1140,2025-11-13_00-11-25,31
606,-1931,-27,-807,438,163,2025-11-13_00-11-25,32
852,-2130,-116,3788,566,-119,2025-11-13_00-11-25,33
1090,-2544,711,-2824,878,-508,2025-11-13_00-11-25,34
832,-1835,-143,-401,214,149,2025-11-13_00-11-25,35
906,-1849,-251,3683,1327,10,2025-11-13_00-11-25,36
759,-1920,-223,-1044,478,-7,2025-11-13_00-11-25,37
1395,-1459,214,-997,-1254,764,2025-11-13_00-11-25,38
1030,-1021,-1555,72,57,390,2025-11-13_00-11-25,39
604,-1849,151,-746,1014,199,2025-11-13_00-11-25,40
655,-1555,-814,2904,2719,187,2025-11-13_00-11-25,41
479,-1987,-238,-772,830,167,2025-11-13_00-11-25,42
552,-1577,-299,-946,-902,0,2025-11-13_00-11-25,43
1018,-2462,-72,-2633,1814,-63,2025-11-13_00-11-25,44
998,-1813,-16,-563,-79,338,2025-11-13_00-11-25,45
889,-1700,-709,4181,1102,-162,2025-11-13_00-11-25,46
687,-2023,-127,-1125,594,-45,2025-11-13_00-11-25,47
1608,-1923,1183,395,-1861,-231,2025-11-13_00-11-25,48
734,-1814,-193,-1447,931,-214,2025-11-13_00-11-25,49
1115,-1748,-450,-444,-88,131,2025-11-13_00-11-25,50
1099,-1764,-81,604,727,229,2025-11-13_00-11-25,51
981,-2048,-666,-953,1998,-294,2025-11-13_00-11-25,52
246,-2158,16,-503,1128,-144,2025-11-13_00-11-25,53
929,-1621,187,1060,624,-50,2025-11-13_00-11-25,54
1157,-1648,-329,-739,244,-152,2025-11-13_00-11-25,55
804,-1829,320,-431,1042,-124,2025-11-13_00-11-25,56
680,-1950,-480,3550,-280,630,2025-11-13_00-17-29,0
740,-1660,-820,1090,3290,2170,2025-11-13_00-17-29,1
500,-2000,-620,-1330,1840,110,2025-11-13_00-17-29,2
-130,-2010,-210,-810,1410,-190,2025-11-13_00-17-29,3
-220,-2720,-1120,-1970,280,250,2025-11-13_00-17-29,4
140,-1580,-570,2280,-80,430,2025-11-13_00-17-29,5
480,-1780,-990,3660,-750,850,2025-11-13_00-17-29,6
490,-2240,-310,-950,1130,320,2025-11-13_00-17-29,7
190,-2130,-560,-1110,2100,-70,2025-11-13_00-17-29,8
110,-1980,-210,-920,980,60,2025-11-13_00-17-29,9
-30,-2730,180,-1340,1630,-230,2025-11-13_00-17-29,10
320,-2000,-740,2950,-590,900,2025-11-13_00-17-29,11
640,-2620,720,-1840,-120,-820,2025-11-13_00-17-29,12
280,-1920,-70,-930,-60,-120,2025-11-13_00-17-29,13
90,-2020,-430,-860,-260,-120,2025-11-13_00-17-29,14
420,-1840,-1090,-1220,-1170,-770,2025-11-13_00-17-29,15
660,-1870,-440,3300,120,920,2025-11-13_00-17-29,16
850,-1750,-630,1170,1180,1570,2025-11-13_00-17-29,17
110,-2110,-320,-1190,1680,-30,2025-11-13_00-17-29,18
70,-1910,-20,-780,310,-140,2025-11-13_00-17-29,19
60,-2550,-1480,-1770,1100,230,2025-11-13_00-17-29,20
200,-1520,-140,-170,-490,460,2025-11-13_00-17-29,21
430,-1920,-770,3840,-990,1080,2025-11-13_00-17-29,22
360,-1670,-670,390,2190,430,2025-11-13_00-17-29,23
460,-2220,-610,-1950,1780,-190,2025-11-13_00-17-29,24
-260,-2090,50,-730,1260,80,2025-11-13_00-17-29,25
-100,-1290,-240,-1010,-610,-160,2025-11-13_00-17-29,26
500,-1970,-620,3820,-1280,940,2025-11-13_00-17-29,27
360,-2170,-580,240,1410,-170,2025-11-13_00-17-29,28
-40,-2420,220,-2120,620,-660,2025-11-13_00-17-29,29
260,-2010,-210,-940,-80,10,2025-11-13_00-17-29,30
-190,-2090,-210,-850,-300,-170,2025-11-13_00-17-29,31
1150,-2230,-800,-1480,-1160,-790,2025-11-13_00-17-29,32
860,-1790,310,3040,1030,650,2025-11-13_00-17-29,33
900,-1860,-410,630,3190,1870,2025-11-13_00-17-29,34
300,-2170,-290,-1410,1110,-480,2025-11-13_00-17-29,35
190,-1940,10,-720,270,-140,2025-11-13_00-17-29,36
50,-1980,-1370,-1650,550,200,2025-11-13_00-17-29,37
240,-1680,-340,-1570,-410,160,2025-11-13_00-17-29,38
830,-1880,-530,4050,-1360,1120,2025-11-13_00-17-29,39
390,-1970,-490,1350,2780,1850,2025-11-13_00-17-29,40
100,-2080,-520,-1510,1610,-140,2025-11-13_00-17-29,41
-70,-1940,-20,-670,990,10,2025-11-13_00-17-29,42
880,-1380,-190,-1420,-760,420,2025-11-13_00-17-29,43
320,-2010,-840,3370,-2580,1080,2025-11-13_00-17-29,44
260,-2070,-780,1140,1170,150,2025-11-13_00-17-29,45
200,-2070,-130,-1310,1230,-330,2025-11-13_00-17-29,46
140,-1980,-150,-860,500,-180,2025-11-13_00-17-29,47
220,-1560,-1190,-1470,610,160,2025-11-13_00-17-29,48
670,-1780,300,1510,2210,260,2025-11-13_00-17-29,49
980,-1870,-600,-390,3090,1600,2025-11-13_00-17-29,50
210,-2060,-280,-1120,1640,-210,2025-11-13_00-17-29,51
630,-1990,10,-880,-950,10,2025-11-13_00-17-29,52
1750,-3500,310,-1660,-2530,140,2025-11-13_00-17-29,53
540,-1990,-590,3560,-1430,1130,2025-11-13_00-17-29,54
760,-2400,-190,-410,1720,510,2025-11-13_00-17-29,55
360,-2040,-250,-1420,1700,-280,2025-11-13_00-17-29,56
120,-1960,110,-860,1190,-10,2025-11-13_00-17-29,57
320,-2930,1150,-360,640,40,2025-11-13_00-17-29,58
310,-2070,-840,2130,500,1290,2025-11-13_00-17-29,59
690,-2960,-250,-460,-1040,50,2025-11-13_00-18-30,0
1040,-1880,-210,-870,830,-250,2025-11-13_00-18-30,1
-20,-1830,220,1040,-1280,-450,2025-11-13_00-18-30,2
340,-2050,-370,1830,-1770,-380,2025-11-13_00-18-30,3
230,-2510,240,-1020,60,-30,2025-11-13_00-18-30,4
410,-2050,-230,-490,-400,-110,2025-11-13_00-18-30,5
-320,-1950,470,-880,2060,-580,2025-11-13_00-18-30,6
20,-2040,-330,2750,340,-130,2025-11-13_00-18-30,7
-570,-2420,660,-1780,-400,180,2025-11-13_00-18-30,8
280,-1920,-40,-620,-300,-140,2025-11-13_00-18-30,9
780,-2210,-880,-930,-940,-220,2025-11-13_00-18-30,10
170,-2010,20,2880,530,-370,2025-11-13_00-18-30,11
-370,-1990,-660,-290,900,100,2025-11-13_00-18-30,12
360,-2040,-240,-670,-130,-110,2025-11-13_00-18-30,13
-560,-2270,-240,-320,-1990,-120,2025-11-13_00-18-30,14
-60,-1920,180,2450,1010,-130,2025-11-13_00-18-30,15
1280,-1940,-810,-410,-780,690,2025-11-13_00-18-30,16
380,-1970,-140,-200,530,-120,2025-11-13_00-18-30,17
130,-2020,-410,1960,1440,-10,2025-11-13_00-18-30,18
-10,-2260,380,-1140,-440,230,2025-11-13_00-18-30,19
300,-1990,-190,-470,-290,-120,2025-11-13_00-18-30,20
-120,-1370,-340,-1230,1730,-540,2025-11-13_00-18-30,21
430,-2080,-260,2270,-370,-540,2025-11-13_00-18-30,22
360,-2010,-180,-890,-630,100,2025-11-13_00-18-30,23
430,-2010,-210,-840,210,-250,2025-11-13_00-18-30,24
20,-1710,130,-60,610,-430,2025-11-13_00-18-30,25
610,-1900,-720,2090,-280,-210,2025-11-13_00-18-30,26
230,-2090,-180,-800,-450,80,2025-11-13_00-18-30,27
60,-2100,-220,-400,-1610,-130,2025-11-13_00-18-30,28
100,-2000,30,2790,730,-220,2025-11-13_00-18-30,29
-220,-2570,-110,-1550,-1340,330,2025-11-13_00-18-30,30
150,-2050,-50,-460,630,-140,2025-11-13_00-18-30,31
350,-1870,-40,1750,1550,-670,2025-11-13_00-18-30,32
140,-2450,-290,-1320,-80,620,2025-11-13_00-18-30,33
-390,-2210,-230,-540,490,-130,2025-11-13_00-18-30,34
310,-1950,-230,2190,1030,-380,2025-11-13_00-18-30,35
-140,-2440,-70,-700,-480,440,2025-11-13_00-18-30,36
350,-1990,-150,-790,310,-260,2025-11-13_00-18-30,37
70,-2040,-210,1810,-430,-140,2025-11-13_00-18-30,38
460,-2040,-480,-860,-930,80,2025-11-13_00-18-30,39
530,-2060,-320,-1090,970,-320,2025-11-13_00-18-30,40
90,-1960,-180,1490,700,-540,2025-11-13_00-18-30,41
710,-1780,-910,-790,610,370,2025-11-13_00-18-30,42
370,-1990,-260,-610,-60,-40,2025-11-13_00-18-30,43
-360,-1950,-1300,-3230,3150,-400,2025-11-13_00-18-30,44
200,-1990,-360,2430,130,-350,2025-11-13_00-18-30,45
-50,-2790,540,-1600,-160,-20,2025-11-13_00-18-30,46
250,-2020,130,-680,-120,-180,2025-11-13_00-18-30,47
460,-1610,-430,-1190,3320,-560,2025-11-13_00-18-30,48
750,-1960,-520,1830,1310,1160,2025-11-13_00-18-30,49
880,-1810,-710,-1370,2050,-390,2025-11-13_00-18-30,50
170,-1940,110,2280,1160,-340,2025-11-13_00-18-30,51
1260,-2110,-800,-440,-150,580,2025-11-13_00-18-30,52
250,-1950,-210,-530,90,-180,2025-11-13_00-18-30,53
-440,-1690,-30,-2080,1850,-670,2025-11-13_00-18-30,54
170,-1950,-570,2910,240,-270,2025-11-13_00-18-30,55
1180,-2230,-660,-590,-870,500,2025-11-13_00-18-30,56
490,-1910,-110,-710,120,-200,2025-11-13_00-18-30,57
-310,-2550,-480,-650,-1260,-390,2025-11-13_00-18-30,58
130,-1830,160,1440,1290,-540,2025-11-13_00-18-30,59
481,-1355,-1023,633,412,181,2025-11-15_14-53-25,0
685,-1949,-273,-345,672,76,2025-11-15_14-53-25,1
762,-1800,-268,2547,212,348,2025-11-15_14-53-25,2
260,-1866,24,-1089,596,-174,2025-11-15_14-53-25,3
1380,-2060,424,44,-2525,-223,2025-11-15_14-53-25,4
936,-2205,-394,-1424,706,-709,2025-11-15_14-53-25,5
414,-2455,-569,-1080,333,-166,2025-11-15_14-53-25,6
-60,-1799,-1372,-107,-501,-880,2025-11-15_14-53-25,7
749,-1902,-177,-346,-452,209,2025-11-15_14-53-25,8
1103,-1746,-860,3170,16,674,2025-11-15_14-53-25,9
353,-1964,-123,-537,1188,5,2025-11-15_14-53-25,10
750,-1975,-45,1967,-461,-18,2025-11-15_14-53-25,11
414,-1970,-229,-496,645,-28,2025-11-15_14-53-25,12
1013,-1702,-746,3427,76,981,2025-11-15_14-53-25,13
663,-1915,-544,-511,103,-29,2025-11-15_14-53-25,14
629,-1643,41,-456,344,22,2025-11-15_14-53-25,15
648,-1866,-409,-1190,959,-201,2025-11-15_14-53-25,16
2292,-2738,909,187,-1738,237,2025-11-15_14-53-25,17
744,-2092,-270,-1084,606,-483,2025-11-15_14-53-25,18
2175,-2175,1110,416,-2747,-200,2025-11-15_14-53-25,19
676,-1299,-1079,-911,2248,187,2025-11-15_14-53-25,20
245,-1886,523,-406,-128,274,2025-11-15_14-53-25,21
985,-1065,-858,769,731,940,2025-11-15_14-53-25,22
282,-1930,-38,-1220,2146,-93,2025-11-15_14-53-25,23
1082,-1250,-790,-43,1489,1173,2025-11-15_14-53-25,24
400,-1916,61,-786,533,85,2025-11-15_14-53-25,25
1117,-1810,-530,2148,1188,883,2025-11-15_14-53-25,26
343,-1913,336,-412,534,14,2025-11-15_14-53-25,27
802,-1803,-806,2875,-644,170,2025-11-15_14-53-25,28
522,-1873,-83,-603,-653,32,2025-11-15_14-53-25,29
572,-1469,260,510,371,244,2025-11-15_14-53-25,30
593,-2020,-463,-1114,857,-284,2025-11-15_14-53-25,31
1569,-2736,878,-333,-318,44,2025-11-15_14-53-25,32
778,-1920,-345,-1982,522,-243,2025-11-15_14-53-25,33
764,-1786,-78,-1078,1050,64,2025-11-15_14-53-25,34
808,-972,-1159,718,894,1131,2025-11-15_14-53-25,35
627,-1890,-48,-443,391,128,2025-11-15_14-53-25,36
676,-1881,-251,2845,1471,755,2025-11-15_14-53-25,37
319,-2016,-311,-521,-110,39,2025-11-15_14-53-25,38
497,-1564,357,726,991,52,2025-11-15_14-53-25,39
801,-1864,-586,-1189,1122,-304,2025-11-15_14-53-25,40
894,-2464,-181,-1108,-292,29,2025-11-15_14-53-25,41
1065,-1486,-1951,-1196,574,-95,2025-11-15_14-53-25,42
647,-1926,-179,-245,-175,76,2025-11-15_14-53-25,43
630,-1578,-202,1814,740,254,2025-11-15_14-53-25,44
1057,-2670,-503,-1283,537,-321,2025-11-15_14-53-25,45
434,-1898,166,-651,-356,52,2025-11-15_14-53-25,46
932,-1624,-869,2477,126,704,2025-11-15_14-53-25,47
400,-1914,-157,-602,-226,56,2025-11-15_14-53-25,48
503,-1361,295,-522,576,9,2025-11-15_14-53-25,49
566,-2753,-227,-1334,1507,-342,2025-11-15_14-53-25,50
557,-1942,171,-588,260,48,2025-11-15_14-53-25,51
952,-1394,-1093,1143,1607,1457,2025-11-15_14-53-25,52
332,-1986,-42,-530,790,54,2025-11-15_14-53-25,53
855,-1919,-30,2630,-532,450,2025-11-15_14-53-25,54
129,-1954,-230,-470,386,-66,2025-11-15_14-53-25,55
452,-1545,-125,-891,-1534,145,2025-11-15_14-53-25,56
620,-2282,-186,-750,422,-704,2025-11-15_14-53-25,57
441,-1903,-29,-480,-965,59,2025-11-15_14-53-25,58
786,-1548,-987,2871,77,684,2025-11-15_14-53-25,59
497,-1886,-274,-693,90,-133,2025-11-15_14-54-27,0
-79,-2958,6,-772,-1173,188,2025-11-15_14-54-27,1
1045,-1620,-1014,-1196,1133,280,2025-11-15_14-54-27,2
535,-1964,-144,-414,-223,111,2025-11-15_14-54-27,3
962,-1353,394,1620,1257,-58,2025-11-15_14-54-27,4
615,-1967,-622,-1334,1132,-123,2025-11-15_14-54-27,5
1798,-1868,-220,-881,-1523,673,2025-11-15_14-54-27,6
1122,-1679,-734,-259,53,-280,2025-11-15_14-54-27,7
621,-1874,-158,-486,-453,75,2025-11-15_14-54-27,8
813,-1762,-283,2098,554,391,2025-11-15_14-54-27,9
430,-2045,-584,-801,956,-177,2025-11-15_14-54-27,10
1500,-2041,114,-1190,-561,190,2025-11-15_14-54-27,11
376,-1706,-1335,-564,2075,-33,2025-11-15_14-54-27,12
546,-1931,-254,-405,-328,-21,2025-11-15_14-54-27,13
876,-1911,-612,2882,529,746,2025-11-15_14-54-27,14
430,-1969,-543,-709,831,-50,2025-11-15_14-54-27,15
514,-1238,576,-264,395,138,2025-11-15_14-54-27,16
537,-1856,-497,-1215,1025,66,2025-11-15_14-54-27,17
867,-1699,-632,-632,-2372,494,2025-11-15_14-54-27,18
1021,-1500,-1454,-1651,2005,193,2025-11-15_14-54-27,19
502,-1985,-288,-572,451,59,2025-11-15_14-54-27,20
776,-2073,-623,3485,-554,411,2025-11-15_14-54-27,21
576,-2020,-396,-824,-303,-227,2025-11-15_14-54-27,22
1233,-1928,-65,-1218,-672,167,2025-11-15_14-54-27,23
1050,-1437,-549,-198,680,413,2025-11-15_14-54-27,24
442,-1944,-26,-705,946,10,2025-11-15_14-54-27,25
464,-1453,295,1456,1282,71,2025-11-15_14-54-27,26
861,-2423,34,-1684,1284,-340,2025-11-15_14-54-27,27
561,-1959,-28,-764,747,146,2025-11-15_14-54-27,28
1112,-1661,-720,1901,2085,1378,2025-11-15_14-54-27,29
251,-1977,-347,-735,535,12,2025-11-15_14-54-27,30
416,-1399,-136,-890,-678,-127,2025-11-15_14-54-27,31
227,-2069,-659,-563,1696,-462,2025-11-15_14-54-27,32
519,-1925,-249,-514,-554,52,2025-11-15_14-54-27,33
579,-1565,194,2142,-246,458,2025-11-15_14-54-27,34
996,-2351,-215,-1866,1085,-689,2025-11-15_14-54-27,35
640,-1928,-222,-677,-156,196,2025-11-15_14-54-27,36
887,-1981,-822,3646,578,746,2025-11-15_14-54-27,37
660,-1960,-584,-1161,665,-238,2025-11-15_14-54-27,38
203,-1810,-68,-1174,594,-96,2025-11-15_14-54-27,39
1035,-1525,-812,1894,669,1361,2025-11-15_14-54-27,40
212,-1918,24,-991,746,-84,2025-11-15_14-54-27,41
266,-1290,476,-124,1319,210,2025-11-15_14-54-27,42
633,-2779,-122,-1769,1055,-233,2025-11-15_14-54-27,43
403,-1959,57,-587,-412,38,2025-11-15_14-54-27,44
556,-1902,-904,3381,-450,457,2025-11-15_14-54-27,45
587,-1989,-124,-663,-102,-297,2025-11-15_14-54-27,46
8,-2450,-1049,-1460,1127,353,2025-11-15_14-54-27,47
871,-1373,-1115,1465,221,678,2025-11-15_14-54-27,48
403,-1911,-252,-618,142,17,2025-11-15_14-54-27,49
673,-1411,-143,-1389,-261,-214,2025-11-15_14-54-27,50
365,-1940,-743,-1400,3105,390,2025-11-15_14-54-27,51
474,-2019,-195,-578,-360,273,2025-11-15_14-54-27,52
1210,-1811,-591,1337,2263,1568,2025-11-15_14-54-27,53
391,-1977,-192,-929,1458,18,2025-11-15_14-54-27,54
669,-1861,-37,2731,315,454,2025-11-15_14-54-27,55
539,-2034,-335,-903,605,-184,2025-11-15_14-54-27,56
901,-1642,-28,-893,-151,455,2025-11-15_14-55-28,0
1171,-2099,-1084,-905,421,-240,2025-11-15_14-55-28,1
547,-1942,-180,-436,-752,105,2025-11-15_14-55-28,2
841,-2073,-457,3311,-707,866,2025-11-15_14-55-28,3
455,-1924,-340,-604,669,110,2025-11-15_14-55-28,4
686,-1608,210,1865,893,410,2025-11-15_14-55-28,5
345,-1943,-512,-661,1004,-53,2025-11-15_14-55-28,6
381,-1619,129,-1653,2038,-26,2025-11-15_14-55-28,7
577,-1793,-826,-1153,1398,90,2025-11-15_14-55-28,8
96,-1364,-880,-280,-2050,-308,2025-11-15_14-55-28,9
1142,-1783,-401,-1552,816,-303,2025-11-15_14-55-28,10
457,-1961,-219,-469,-1676,120,2025-11-15_14-55-28,11
967,-1497,-865,818,-542,95,2025-11-15_14-55-28,12
650,-1901,-87,-309,726,95,2025-11-15_14-55-28,13
959,-2185,-492,3471,-417,341,2025-11-15_14-55-28,14
636,-1924,-315,-485,94,-50,2025-11-15_14-55-28,15
570,-1471,279,1609,-217,323,2025-11-15_14-55-28,16
622,-2040,-743,-761,874,-92,2025-11-15_14-55-28,17
633,-2048,648,-1240,-804,-70,2025-11-15_14-55-28,18
456,-2451,-206,-1639,1192,-447,2025-11-15_14-55-28,19
1648,-1693,324,-515,-1490,480,2025-11-15_14-55-28,20
1003,-1897,-796,-1612,2080,166,2025-11-15_14-55-28,21
448,-2022,-231,-673,1005,180,2025-11-15_14-55-28,22
1141,-1567,-1048,-904,3267,332,2025-11-15_14-55-28,23
389,-1956,82,-142,-706,99,2025-11-15_14-55-28,24
638,-1497,-1128,2727,605,941,2025-11-15_14-55-28,25
183,-2039,-27,-585,1196,-17,2025-11-15_14-55-28,26
837,-1938,-703,2958,597,523,2025-11-15_14-55-28,27
498,-1933,-442,-416,-104,-34,2025-11-15_14-55-28,28
113,-1411,459,493,-203,292,2025-11-15_14-55-28,29
616,-2010,-647,-791,945,-159,2025-11-15_14-55-28,30
551,-1638,83,-747,-1415,-229,2025-11-15_14-55-28,31
593,-2002,-614,-889,733,-166,2025-11-15_14-55-28,32
306,-1662,129,-969,-1192,120,2025-11-15_14-55-28,33
554,-2821,-394,-990,757,-476,2025-11-15_14-55-28,34
335,-1833,237,-782,-416,90,2025-11-15_14-55-28,35
178,-2290,-88,-1131,1225,-237,2025-11-15_14-55-28,36
250,-1878,-72,-995,337,-58,2025-11-15_14-55-28,37
586,-1760,-470,-1429,1752,-327,2025-11-15_14-55-28,38
-374,-2371,223,-198,-994,374,2025-11-15_14-55-28,39
671,-2362,-270,-1129,714,-301,2025-11-15_14-55-28,40
682,-1597,-44,354,-1472,-90,2025-11-15_14-55-28,41
887,-1916,-295,-1243,613,-398,2025-11-15_14-55-28,42
694,-2019,-48,-599,-105,154,2025-11-15_14-55-28,43
746,-2067,-948,1266,948,371,2025-11-15_14-55-28,44
404,-1990,-290,-604,833,-26,2025-11-15_14-55-28,45
872,-1685,-74,2372,-258,270,2025-11-15_14-55-28,46
591,-1849,-359,-902,433,-128,2025-11-15_14-55-28,47
383,-1668,-317,-1030,-204,162,2025-11-15_14-55-28,48
921,-2044,-412,-1152,96,-491,2025-11-15_14-55-28,49
664,-1987,-184,-566,-175,212,2025-11-15_14-55-28,50
1073,-1337,-780,623,-515,342,2025-11-15_14-55-28,51
531,-1934,-140,-428,727,82,2025-11-15_14-55-28,52
1269,-1797,-1001,3010,-198,515,2025-11-15_14-55-28,53
567,-1938,-355,-480,771,103,2025-11-15_14-55-28,54
1150,-1986,-448,2117,1521,618,2025-11-15_14-55-28,55
214,-1999,-190,-502,1071,1,2025-11-15_14-55-28,56
730,-1782,-187,-1237,74,-843,2025-11-15_14-56-29,0
510,-1855,-164,-892,1308,241,2025-11-15_14-56-29,1
578,-1715,-395,-1379,896,-522,2025-11-15_14-56-29,2
639,-1868,68,-1075,330,167,2025-11-15_14-56-29,3
643,-1463,-1154,534,219,-530,2025-11-15_14-56-29,4
1160,-1511,140,-84,-1279,-71,2025-11-15_14-56-29,5
590,-2187,-366,-1017,108,-529,2025-11-15_14-56-29,6
270,-1904,-482,-795,-1335,321,2025-11-15_14-56-29,7
883,-1342,-973,1299,243,1627,2025-11-15_14-56-29,8
458,-1976,-271,-669,1419,-28,2025-11-15_14-56-29,9
826,-1860,-191,2742,-14,284,2025-11-15_14-56-29,10
906,-2395,-256,-939,70,-414,2025-11-15_14-56-29,11
783,-1820,-99,-245,-1600,53,2025-11-15_14-56-29,12
610,-1655,-1147,3009,-241,473,2025-11-15_14-56-29,13
574,-1932,-421,-632,-358,-149,2025-11-15_14-56-29,14
444,-1494,-175,-1353,-998,-27,2025-11-15_14-56-29,15
1118,-1906,-653,-979,1117,308,2025-11-15_14-56-29,16
267,-1977,38,-738,783,-130,2025-11-15_14-56-29,17
82,-1531,190,2102,18,431,2025-11-15_14-56-29,18
967,-2396,138,-1890,708,-354,2025-11-15_14-56-29,19
525,-1909,-95,-459,-742,68,2025-11-15_14-56-29,20
708,-1989,-388,2854,909,575,2025-11-15_14-56-29,21
550,-2487,-514,-1381,1540,-366,2025-11-15_14-56-29,22
414,-1934,-278,-709,367,54,2025-11-15_14-56-29,23
790,-1895,-197,3192,1125,966,2025-11-15_14-56-29,24
369,-2079,-577,-845,1144,-24,2025-11-15_14-56-29,25
215,-1937,-115,-387,790,165,2025-11-15_14-56-29,26
1089,-1537,-835,2827,68,1591,2025-11-15_14-56-29,27
532,-1986,-395,-630,-188,4,2025-11-15_14-56-29,28
394,-1482,-375,-842,-2986,223,2025-11-15_14-56-29,29
1063,-1800,-1691,-1290,707,-128,2025-11-15_14-56-29,30
586,-1906,-79,-416,-1079,8,2025-11-15_14-56-29,31
1046,-1961,-410,3484,-920,151,2025-11-15_14-56-29,32
713,-2016,-342,-1406,836,-405,2025-11-15_14-56-29,33
280,-2151,-141,-1405,2087,-53,2025-11-15_14-56-29,34
1108,-1851,-1016,3442,336,1437,2025-11-15_14-56-29,35
704,-2098,-229,-1096,197,-320,2025-11-15_14-56-29,36
1092,-1474,61,-1271,1294,243,2025-11-15_14-56-29,37
735,-1457,-1060,1461,1816,1408,2025-11-15_14-56-29,38
180,-1926,-116,-771,652,43,2025-11-15_14-56-29,39
443,-1610,146,-1175,914,17,2025-11-15_14-56-29,40
730,-2499,169,-1741,187,-425,2025-11-15_14-56-29,41
661,-1908,-52,-390,-1342,247,2025-11-15_14-56-29,42
325,-1887,-1571,2962,-2273,-859,2025-11-15_14-56-29,43
494,-2043,-317,-208,-615,89,2025-11-15_14-56-29,44
2230,-1168,-882,1185,-67,2306,2025-11-15_14-56-29,45
541,-1907,58,-1055,591,11,2025-11-15_14-56-29,46
-76,-1422,416,781,1348,432,2025-11-15_14-56-29,47
187,-2840,833,-2064,16,-887,2025-11-15_14-56-29,48
781,-1930,-254,-383,-714,188,2025-11-15_14-56-29,49
298,-1234,-125,-175,-102,196,2025-11-15_14-56-29,50
216,-2230,-610,-1575,2342,-117,2025-11-15_14-56-29,51
395,-1962,-293,-707,483,14,2025-11-15_14-56-29,52
234,-1546,53,-510,833,51,2025-11-15_14-56-29,53
888,-2117,419,-2015,-588,-664,2025-11-15_14-56-29,54
627,-1945,46,-553,104,114,2025-11-15_14-56-29,55
972,-2019,-275,3582,-503,268,2025-11-15_14-56-29,56
730,-2020,-304,-1069,595,-142,2025-11-15_22-21-14,0
-383,-2079,-495,-981,1004,-179,2025-11-15_22-21-14,1
741,-1500,-721,2934,1120,1623,2025-11-15_22-21-14,2
616,-1938,-168,-542,150,-21,2025-11-15_22-21-14,3
496,-1394,283,-33,-1339,-173,2025-11-15_22-21-14,4
449,-1861,-708,-966,560,-66,2025-11-15_22-21-14,5
893,-1873,-511,-526,404,-204,2025-11-15_22-21-14,6
554,-1590,329,-156,-332,75,2025-11-15_22-21-14,7
621,-2047,-222,-1228,1477,-175,2025-11-15_22-21-14,8
460,-1948,-632,-630,125,-18,2025-11-15_22-21-14,9
1074,-1076,-68,-1692,-1450,258,2025-11-15_22-21-14,10
915,-1287,-946,-444,-173,-71,2025-11-15_22-21-14,11
479,-1871,-122,-680,272,-13,2025-11-15_22-21-14,12
770,-735,1105,-50,-282,-209,2025-11-15_22-21-14,13
987,-1722,-1154,-2239,3880,595,2025-11-15_22-21-14,14
368,-1910,-43,-676,167,141,2025-11-15_22-21-14,15
348,-1314,688,-495,536,-92,2025-11-15_22-21-14,16
424,-2056,-1426,-769,1982,-441,2025-11-15_22-21-14,17
428,-1953,14,-492,464,-37,2025-11-15_22-21-14,18
396,-1698,-618,-1069,-2373,613,2025-11-15_22-21-14,19
1241,-1950,-1389,-1188,254,107,2025-11-15_22-21-14,20
350,-1929,-58,-554,-3,36,2025-11-15_22-21-14,21
377,-1357,669,-764,-532,-96,2025-11-15_22-21-14,22
876,-2077,-1101,-1493,1424,-113,2025-11-15_22-21-14,23
238,-1951,-107,-579,153,114,2025-11-15_22-21-14,24
1223,-2495,912,-2198,1595,-190,2025-11-15_22-21-14,25
1109,-1541,-1089,-1551,1286,737,2025-11-15_22-21-14,26
442,-1921,-24,-632,-12,13,2025-11-15_22-21-14,27
287,-1643,92,-133,-1800,231,2025-11-15_22-21-14,28
1067,-1425,-1385,-768,144,-193,2025-11-15_22-21-14,29
495,-1782,-425,-1133,1284,-214,2025-11-15_22-21-14,30
1387,-1096,-35,-1793,-312,761,2025-11-15_22-21-14,31
758,-1411,-964,1422,390,737,2025-11-15_22-21-14,32
536,-1964,-351,-1061,140,-50,2025-11-15_22-21-14,33
286,-2163,-451,-820,-954,270,2025-11-15_22-21-14,34
764,-1296,-819,1406,1353,1055,2025-11-15_22-21-14,35
630,-1920,-537,-1162,1028,-159,2025-11-15_22-21-14,36
-182,-2022,932,-1274,-63,186,2025-11-15_22-21-14,37
911,-1777,-790,2344,1802,1050,2025-11-15_22-21-14,38
765,-2010,-573,-817,433,-150,2025-11-15_22-21-14,39
908,-2393,-1287,-1339,1683,-157,2025-11-15_22-21-14,40
670,-1425,-1283,3012,-285,773,2025-11-15_22-21-14,41
543,-2104,-1188,-1181,674,-171,2025-11-15_22-21-14,42
221,-1856,-298,-845,-453,-108,2025-11-15_22-21-14,43
722,-1845,-928,3692,476,739,2025-11-15_22-21-14,44
1082,-1725,-1090,-1844,1981,-180,2025-11-15_22-21-14,45
350,-2017,-190,-801,-184,83,2025-11-15_22-21-14,46
426,-1921,-594,3253,2491,658,2025-11-15_22-21-14,47
589,-2377,-136,-1177,1396,-426,2025-11-15_22-21-14,48
549,-1818,10,-569,-421,157,2025-11-15_22-21-14,49
987,-1560,-764,3284,374,929,2025-11-15_22-21-14,50
503,-2086,16,-1172,543,-403,2025-11-15_22-21-14,51
1491,-1848,-353,-1116,964,160,2025-11-15_22-21-14,52
